cdmTableName,cdmFieldName,conceptId,conceptName,unitConceptId,unitConceptName,checkName,Threshold,checkParameter,Notes
CONDITION_OCCURRENCE,CONDITION_CONCEPT_ID,26662,Testicular hypofunction,,,plausibleGender,5,Male,
CONDITION_OCCURRENCE,CONDITION_CONCEPT_ID,26935,Disorder of endocrine testis,,,plausibleGender,5,Male,
CONDITION_OCCURRENCE,CONDITION_CONCEPT_ID,30969,Testicular hyperfunction,,,plausibleGender,5,Male,
CONDITION_OCCURRENCE,CONDITION_CONCEPT_ID,73801,Scrotal varices,,,plausibleGender,5,Male,
CONDITION_OCCURRENCE,CONDITION_CONCEPT_ID,74322,Benign neoplasm of scrotum,,,plausibleGender,5,Male,
CONDITION_OCCURRENCE,CONDITION_CONCEPT_ID,78193,Orchitis and epididymitis,,,plausibleGender,5,Male,
CONDITION_OCCURRENCE,CONDITION_CONCEPT_ID,79758,Primary malignant neoplasm of scrotum,,,plausibleGender,5,Male,
CONDITION_OCCURRENCE,CONDITION_CONCEPT_ID,141917,Balanitis xerotica obliterans,,,plausibleGender,5,Male,
CONDITION_OCCURRENCE,CONDITION_CONCEPT_ID,192367,Dysplasia of cervix,,,plausibleGender,5,Female,
CONDITION_OCCURRENCE,CONDITION_CONCEPT_ID,192676,Cervical intraepithelial neoplasia grade 1,,,plausibleGender,5,Female,
CONDITION_OCCURRENCE,CONDITION_CONCEPT_ID,192683,Uterovaginal prolapse,,,plausibleGender,5,Female,
CONDITION_OCCURRENCE,CONDITION_CONCEPT_ID,192854,Intramural leiomyoma of uterus,,,plausibleGender,5,Female,
CONDITION_OCCURRENCE,CONDITION_CONCEPT_ID,192858,Ovarian hyperfunction,,,plausibleGender,5,Female,
CONDITION_OCCURRENCE,CONDITION_CONCEPT_ID,193254,Disorder of vagina,,,plausibleGender,5,Female,
CONDITION_OCCURRENCE,CONDITION_CONCEPT_ID,193261,Vaginospasm,,,plausibleGender,5,Female,
CONDITION_OCCURRENCE,CONDITION_CONCEPT_ID,193262,Inflammatory disorder of penis,,,plausibleGender,5,Male,
CONDITION_OCCURRENCE,CONDITION_CONCEPT_ID,193277,Deliveries by cesarean,,,plausibleGender,5,Female,
CONDITION_OCCURRENCE,CONDITION_CONCEPT_ID,193437,Neoplasm of uncertain behavior of female genital organ,,,plausibleGender,5,Female,
CONDITION_OCCURRENCE,CONDITION_CONCEPT_ID,193439,Benign neoplasm of body of uterus,,,plausibleGender,5,Female,
CONDITION_OCCURRENCE,CONDITION_CONCEPT_ID,193522,Acute prostatitis,,,plausibleGender,5,Male,
CONDITION_OCCURRENCE,CONDITION_CONCEPT_ID,193530,Follicular cyst of ovary,,,plausibleGender,5,Female,
CONDITION_OCCURRENCE,CONDITION_CONCEPT_ID,193739,Ovarian failure,,,plausibleGender,5,Female,
CONDITION_OCCURRENCE,CONDITION_CONCEPT_ID,193818,Calculus of prostate,,,plausibleGender,5,Male,
CONDITION_OCCURRENCE,CONDITION_CONCEPT_ID,194092,Uterine prolapse without vaginal wall prolapse,,,plausibleGender,5,Female,
CONDITION_OCCURRENCE,CONDITION_CONCEPT_ID,194286,"Malignant neoplasm of corpus uteri, excluding isthmus",,,plausibleGender,5,Female,
CONDITION_OCCURRENCE,CONDITION_CONCEPT_ID,194412,Dysplasia of vagina,,,plausibleGender,5,Female,
CONDITION_OCCURRENCE,CONDITION_CONCEPT_ID,194420,Endometriosis of fallopian tube,,,plausibleGender,5,Female,
CONDITION_OCCURRENCE,CONDITION_CONCEPT_ID,194611,Carcinoma in situ of uterine cervix,,,plausibleGender,5,Female,
CONDITION_OCCURRENCE,CONDITION_CONCEPT_ID,194696,Dysmenorrhea,,,plausibleGender,5,Female,
CONDITION_OCCURRENCE,CONDITION_CONCEPT_ID,194871,Trichomonal vulvovaginitis,,,plausibleGender,5,Female,
CONDITION_OCCURRENCE,CONDITION_CONCEPT_ID,194997,Prostatitis,,,plausibleGender,5,Male,
CONDITION_OCCURRENCE,CONDITION_CONCEPT_ID,195009,Leukoplakia of penis,,,plausibleGender,5,Male,
CONDITION_OCCURRENCE,CONDITION_CONCEPT_ID,195012,Intermenstrual bleeding - irregular,,,plausibleGender,5,Female,
CONDITION_OCCURRENCE,CONDITION_CONCEPT_ID,195197,Primary malignant neoplasm of vulva,,,plausibleGender,5,Female,
CONDITION_OCCURRENCE,CONDITION_CONCEPT_ID,195316,Atypical endometrial hyperplasia,,,plausibleGender,5,Female,
CONDITION_OCCURRENCE,CONDITION_CONCEPT_ID,195321,Postmenopausal bleeding,,,plausibleGender,5,Female,
CONDITION_OCCURRENCE,CONDITION_CONCEPT_ID,195483,Primary malignant neoplasm of penis,,,plausibleGender,5,Male,
CONDITION_OCCURRENCE,CONDITION_CONCEPT_ID,195500,Benign neoplasm of uterus,,,plausibleGender,5,Female,
CONDITION_OCCURRENCE,CONDITION_CONCEPT_ID,195501,Polycystic ovaries,,,plausibleGender,5,Female,
CONDITION_OCCURRENCE,CONDITION_CONCEPT_ID,195683,Open wound of penis without complication,,,plausibleGender,5,Male,
CONDITION_OCCURRENCE,CONDITION_CONCEPT_ID,195769,Submucous leiomyoma of uterus,,,plausibleGender,5,Female,
CONDITION_OCCURRENCE,CONDITION_CONCEPT_ID,195770,Subserous leiomyoma of uterus,,,plausibleGender,5,Female,
CONDITION_OCCURRENCE,CONDITION_CONCEPT_ID,195793,Neoplasm of uncertain behavior of uterus,,,plausibleGender,5,Female,
CONDITION_OCCURRENCE,CONDITION_CONCEPT_ID,195867,Noninflammatory disorder of the vagina,,,plausibleGender,5,Female,
CONDITION_OCCURRENCE,CONDITION_CONCEPT_ID,195873,Leukorrhea,,,plausibleGender,5,Female,
CONDITION_OCCURRENCE,CONDITION_CONCEPT_ID,196048,Primary malignant neoplasm of vagina,,,plausibleGender,5,Female,
CONDITION_OCCURRENCE,CONDITION_CONCEPT_ID,196051,Overlapping malignant neoplasm of female genital organs,,,plausibleGender,5,Female,
CONDITION_OCCURRENCE,CONDITION_CONCEPT_ID,196068,Carcinoma in situ of male genital organ,,,plausibleGender,5,Male,
CONDITION_OCCURRENCE,CONDITION_CONCEPT_ID,196157,Induratio penis plastica,,,plausibleGender,5,Male,
CONDITION_OCCURRENCE,CONDITION_CONCEPT_ID,196158,Disorder of penis,,,plausibleGender,5,Male,
CONDITION_OCCURRENCE,CONDITION_CONCEPT_ID,196163,Cervicitis and endocervicitis,,,plausibleGender,5,Female,
CONDITION_OCCURRENCE,CONDITION_CONCEPT_ID,196165,Cervical intraepithelial neoplasia grade 2,,,plausibleGender,5,Female,
CONDITION_OCCURRENCE,CONDITION_CONCEPT_ID,196168,Irregular periods,,,plausibleGender,5,Female,
CONDITION_OCCURRENCE,CONDITION_CONCEPT_ID,196359,Primary malignant neoplasm of uterine cervix,,,plausibleGender,5,Female,
CONDITION_OCCURRENCE,CONDITION_CONCEPT_ID,196364,Benign neoplasm of uterine cervix,,,plausibleGender,5,Female,
CONDITION_OCCURRENCE,CONDITION_CONCEPT_ID,196473,Hypertrophy of uterus,,,plausibleGender,5,Female,
CONDITION_OCCURRENCE,CONDITION_CONCEPT_ID,196734,Disorder of prostate,,,plausibleGender,5,Male,
CONDITION_OCCURRENCE,CONDITION_CONCEPT_ID,196738,Disorder of male genital organ,,,plausibleGender,5,Male,
CONDITION_OCCURRENCE,CONDITION_CONCEPT_ID,196758,Tumor of body of uterus affecting pregnancy,,,plausibleGender,5,Female,
CONDITION_OCCURRENCE,CONDITION_CONCEPT_ID,197032,Hyperplasia of prostate,,,plausibleGender,5,Male,
CONDITION_OCCURRENCE,CONDITION_CONCEPT_ID,197039,Male genital organ vascular diseases,,,plausibleGender,5,Male,
CONDITION_OCCURRENCE,CONDITION_CONCEPT_ID,197044,Female infertility associated with anovulation,,,plausibleGender,5,Female,
CONDITION_OCCURRENCE,CONDITION_CONCEPT_ID,197236,Uterine leiomyoma,,,plausibleGender,5,Female,
CONDITION_OCCURRENCE,CONDITION_CONCEPT_ID,197237,Benign neoplasm of prostate,,,plausibleGender,5,Male,
CONDITION_OCCURRENCE,CONDITION_CONCEPT_ID,197507,Primary malignant neoplasm of male genital organ,,,plausibleGender,5,Male,
CONDITION_OCCURRENCE,CONDITION_CONCEPT_ID,197601,Spermatocele,,,plausibleGender,5,Male,
CONDITION_OCCURRENCE,CONDITION_CONCEPT_ID,197605,Inflammatory disorder of male genital organ,,,plausibleGender,5,Male,
CONDITION_OCCURRENCE,CONDITION_CONCEPT_ID,197606,Female infertility of tubal origin,,,plausibleGender,5,Female,
CONDITION_OCCURRENCE,CONDITION_CONCEPT_ID,197607,Excessive and frequent menstruation,,,plausibleGender,5,Female,
CONDITION_OCCURRENCE,CONDITION_CONCEPT_ID,197609,"Cervical, vaginal and vulval inflammatory diseases",,,plausibleGender,5,Female,
CONDITION_OCCURRENCE,CONDITION_CONCEPT_ID,197610,Cyst of ovary,,,plausibleGender,5,Female,
CONDITION_OCCURRENCE,CONDITION_CONCEPT_ID,197938,Uterine inertia,,,plausibleGender,5,Female,
CONDITION_OCCURRENCE,CONDITION_CONCEPT_ID,198082,Overlapping malignant neoplasm of body of uterus,,,plausibleGender,5,Female,
CONDITION_OCCURRENCE,CONDITION_CONCEPT_ID,198108,Benign neoplasm of fallopian tubes and uterine ligaments,,,plausibleGender,5,Female,
CONDITION_OCCURRENCE,CONDITION_CONCEPT_ID,198194,Female genital organ symptoms,,,plausibleGender,5,Female,
CONDITION_OCCURRENCE,CONDITION_CONCEPT_ID,198197,Male infertility,,,plausibleGender,5,Male,
CONDITION_OCCURRENCE,CONDITION_CONCEPT_ID,198198,Polyp of vagina,,,plausibleGender,5,Female,
CONDITION_OCCURRENCE,CONDITION_CONCEPT_ID,198202,Cystocele,,,plausibleGender,5,Female,
CONDITION_OCCURRENCE,CONDITION_CONCEPT_ID,198212,Spotting per vagina in pregnancy,,,plausibleGender,5,Female,
CONDITION_OCCURRENCE,CONDITION_CONCEPT_ID,198363,Candidiasis of vagina,,,plausibleGender,5,Female,
CONDITION_OCCURRENCE,CONDITION_CONCEPT_ID,198471,Complex endometrial hyperplasia,,,plausibleGender,5,Female,
CONDITION_OCCURRENCE,CONDITION_CONCEPT_ID,198483,Stricture or atresia of the vagina,,,plausibleGender,5,Female,
CONDITION_OCCURRENCE,CONDITION_CONCEPT_ID,198803,Benign prostatic hyperplasia,,,plausibleGender,5,Male,
CONDITION_OCCURRENCE,CONDITION_CONCEPT_ID,198806,Abscess of prostate,,,plausibleGender,5,Male,
CONDITION_OCCURRENCE,CONDITION_CONCEPT_ID,199067,Female pelvic inflammatory disease,,,plausibleGender,5,Female,
CONDITION_OCCURRENCE,CONDITION_CONCEPT_ID,199078,Vaginal wall prolapse,,,plausibleGender,5,Female,
CONDITION_OCCURRENCE,CONDITION_CONCEPT_ID,199752,Secondary malignant neoplasm of ovary,,,plausibleGender,5,Female,
CONDITION_OCCURRENCE,CONDITION_CONCEPT_ID,199764,Benign neoplasm of ovary,,,plausibleGender,5,Female,
CONDITION_OCCURRENCE,CONDITION_CONCEPT_ID,199876,Prolapse of female genital organs,,,plausibleGender,5,Female,
CONDITION_OCCURRENCE,CONDITION_CONCEPT_ID,199877,Mucous polyp of cervix,,,plausibleGender,5,Female,
CONDITION_OCCURRENCE,CONDITION_CONCEPT_ID,199878,Light and infrequent menstruation,,,plausibleGender,5,Female,
CONDITION_OCCURRENCE,CONDITION_CONCEPT_ID,199881,Endometriosis of ovary,,,plausibleGender,5,Female,
CONDITION_OCCURRENCE,CONDITION_CONCEPT_ID,200051,Primary malignant neoplasm of ovary,,,plausibleGender,5,Female,
CONDITION_OCCURRENCE,CONDITION_CONCEPT_ID,200052,Primary malignant neoplasm of uterine adnexa,,,plausibleGender,5,Female,
CONDITION_OCCURRENCE,CONDITION_CONCEPT_ID,200147,Atrophy of prostate,,,plausibleGender,5,Male,
CONDITION_OCCURRENCE,CONDITION_CONCEPT_ID,200445,Chronic prostatitis,,,plausibleGender,5,Male,
CONDITION_OCCURRENCE,CONDITION_CONCEPT_ID,200452,Disorder of female genital organs,,,plausibleGender,5,Female,
CONDITION_OCCURRENCE,CONDITION_CONCEPT_ID,200461,Endometriosis of uterus,,,plausibleGender,5,Female,
CONDITION_OCCURRENCE,CONDITION_CONCEPT_ID,200670,Benign neoplasm of male genital organ,,,plausibleGender,5,Male,
CONDITION_OCCURRENCE,CONDITION_CONCEPT_ID,200675,Neoplasm of uncertain behavior of ovary,,,plausibleGender,5,Female,
CONDITION_OCCURRENCE,CONDITION_CONCEPT_ID,200775,Endometrial hyperplasia,,,plausibleGender,5,Female,
CONDITION_OCCURRENCE,CONDITION_CONCEPT_ID,200779,Polyp of corpus uteri,,,plausibleGender,5,Female,
CONDITION_OCCURRENCE,CONDITION_CONCEPT_ID,200780,Disorder of uterus,,,plausibleGender,5,Female,
CONDITION_OCCURRENCE,CONDITION_CONCEPT_ID,200962,Primary malignant neoplasm of prostate,,,plausibleGender,5,Male,
CONDITION_OCCURRENCE,CONDITION_CONCEPT_ID,200970,Carcinoma in situ of prostate,,,plausibleGender,5,Male,
CONDITION_OCCURRENCE,CONDITION_CONCEPT_ID,201072,Benign prostatic hypertrophy without outflow obstruction,,,plausibleGender,5,Male,
CONDITION_OCCURRENCE,CONDITION_CONCEPT_ID,201078,Atrophic vaginitis,,,plausibleGender,5,Female,
CONDITION_OCCURRENCE,CONDITION_CONCEPT_ID,201211,Herpetic vulvovaginitis,,,plausibleGender,5,Female,
CONDITION_OCCURRENCE,CONDITION_CONCEPT_ID,201238,Primary malignant neoplasm of female genital organ,,,plausibleGender,5,Female,
CONDITION_OCCURRENCE,CONDITION_CONCEPT_ID,201244,Benign neoplasm of vagina,,,plausibleGender,5,Female,
CONDITION_OCCURRENCE,CONDITION_CONCEPT_ID,201257,Disorder of endocrine ovary,,,plausibleGender,5,Female,
CONDITION_OCCURRENCE,CONDITION_CONCEPT_ID,201346,Edema of penis,,,plausibleGender,5,Male,
CONDITION_OCCURRENCE,CONDITION_CONCEPT_ID,201355,Erosion and ectropion of the cervix,,,plausibleGender,5,Female,
CONDITION_OCCURRENCE,CONDITION_CONCEPT_ID,201527,Neoplasm of uncertain behavior of prostate,,,plausibleGender,5,Male,
CONDITION_OCCURRENCE,CONDITION_CONCEPT_ID,201617,Prostatic cyst,,,plausibleGender,5,Male,
CONDITION_OCCURRENCE,CONDITION_CONCEPT_ID,201625,Malposition of uterus,,,plausibleGender,5,Female,
CONDITION_OCCURRENCE,CONDITION_CONCEPT_ID,201801,Primary malignant neoplasm of fallopian tube,,,plausibleGender,5,Female,
CONDITION_OCCURRENCE,CONDITION_CONCEPT_ID,201817,Benign neoplasm of female genital organ,,,plausibleGender,5,Female,
CONDITION_OCCURRENCE,CONDITION_CONCEPT_ID,201823,Benign neoplasm of penis,,,plausibleGender,5,Male,
CONDITION_OCCURRENCE,CONDITION_CONCEPT_ID,201907,Edema of male genital organs,,,plausibleGender,5,Male,
CONDITION_OCCURRENCE,CONDITION_CONCEPT_ID,201909,Female infertility,,,plausibleGender,5,Female,
CONDITION_OCCURRENCE,CONDITION_CONCEPT_ID,201913,"Torsion of the ovary, ovarian pedicle or fallopian tube",,,plausibleGender,5,Female,
CONDITION_OCCURRENCE,CONDITION_CONCEPT_ID,314409,Vascular disorder of penis,,,plausibleGender,5,Male,
CONDITION_OCCURRENCE,CONDITION_CONCEPT_ID,315586,Priapism,,,plausibleGender,5,Male,
CONDITION_OCCURRENCE,CONDITION_CONCEPT_ID,433716,Primary malignant neoplasm of testis,,,plausibleGender,5,Male,
CONDITION_OCCURRENCE,CONDITION_CONCEPT_ID,434251,Injury of male external genital organs,,,plausibleGender,5,Male,
CONDITION_OCCURRENCE,CONDITION_CONCEPT_ID,435315,Torsion of testis,,,plausibleGender,5,Male,
CONDITION_OCCURRENCE,CONDITION_CONCEPT_ID,435648,Retractile testis,,,plausibleGender,5,Male,
CONDITION_OCCURRENCE,CONDITION_CONCEPT_ID,436155,Redundant prepuce and phimosis,,,plausibleGender,5,Male,
CONDITION_OCCURRENCE,CONDITION_CONCEPT_ID,436358,Primary malignant neoplasm of exocervix,,,plausibleGender,5,Female,
CONDITION_OCCURRENCE,CONDITION_CONCEPT_ID,436366,Benign neoplasm of testis,,,plausibleGender,5,Male,
CONDITION_OCCURRENCE,CONDITION_CONCEPT_ID,436466,Balanoposthitis,,,plausibleGender,5,Male,
CONDITION_OCCURRENCE,CONDITION_CONCEPT_ID,437501,Primary malignant neoplasm of labia majora,,,plausibleGender,5,Female,
CONDITION_OCCURRENCE,CONDITION_CONCEPT_ID,437655,Undescended testicle,,,plausibleGender,5,Male,
CONDITION_OCCURRENCE,CONDITION_CONCEPT_ID,438477,Atrophy of testis,,,plausibleGender,5,Male,
CONDITION_OCCURRENCE,CONDITION_CONCEPT_ID,439871,Hemospermia,,,plausibleGender,5,Male,
CONDITION_OCCURRENCE,CONDITION_CONCEPT_ID,440971,Neoplasm of uncertain behavior of testis,,,plausibleGender,5,Male,
CONDITION_OCCURRENCE,CONDITION_CONCEPT_ID,441068,Torsion of appendix of testis,,,plausibleGender,5,Male,
CONDITION_OCCURRENCE,CONDITION_CONCEPT_ID,441077,Stenosis of cervix,,,plausibleGender,5,Female,
CONDITION_OCCURRENCE,CONDITION_CONCEPT_ID,441805,Primary malignant neoplasm of endocervix,,,plausibleGender,5,Female,
CONDITION_OCCURRENCE,CONDITION_CONCEPT_ID,442781,Disorder of uterine cervix,,,plausibleGender,5,Female,
CONDITION_OCCURRENCE,CONDITION_CONCEPT_ID,443211,Benign prostatic hypertrophy with outflow obstruction,,,plausibleGender,5,Male,
CONDITION_OCCURRENCE,CONDITION_CONCEPT_ID,443435,Primary uterine inertia,,,plausibleGender,5,Female,
CONDITION_OCCURRENCE,CONDITION_CONCEPT_ID,443800,Amenorrhea,,,plausibleGender,5,Female,
CONDITION_OCCURRENCE,CONDITION_CONCEPT_ID,444078,Inflammation of cervix,,,plausibleGender,5,Female,
CONDITION_OCCURRENCE,CONDITION_CONCEPT_ID,444106,Candidiasis of vulva,,,plausibleGender,5,Female,
PROCEDURE_OCCURRENCE,PROCEDURE_CONCEPT_ID,2003947,Closed [percutaneous] [needle] biopsy of prostate,,,plausibleGender,5,Male,
PROCEDURE_OCCURRENCE,PROCEDURE_CONCEPT_ID,2003966,Other transurethral prostatectomy,,,plausibleGender,5,Male,
PROCEDURE_OCCURRENCE,PROCEDURE_CONCEPT_ID,2003983,Other prostatectomy,,,plausibleGender,5,Male,
PROCEDURE_OCCURRENCE,PROCEDURE_CONCEPT_ID,2004031,Other repair of scrotum and tunica vaginalis,,,plausibleGender,5,Male,
PROCEDURE_OCCURRENCE,PROCEDURE_CONCEPT_ID,2004063,Unilateral orchiectomy,,,plausibleGender,5,Male,
PROCEDURE_OCCURRENCE,PROCEDURE_CONCEPT_ID,2004070,Other repair of testis,,,plausibleGender,5,Male,
PROCEDURE_OCCURRENCE,PROCEDURE_CONCEPT_ID,2004090,Excision of varicocele and hydrocele of spermatic cord,,,plausibleGender,5,Male,
PROCEDURE_OCCURRENCE,PROCEDURE_CONCEPT_ID,2004164,Local excision or destruction of lesion of penis,,,plausibleGender,5,Male,
PROCEDURE_OCCURRENCE,PROCEDURE_CONCEPT_ID,2004263,Other removal of both ovaries and tubes at same operative episode,,,plausibleGender,5,Female,
PROCEDURE_OCCURRENCE,PROCEDURE_CONCEPT_ID,2004329,Other bilateral destruction or occlusion of fallopian tubes,,,plausibleGender,5,Female,
PROCEDURE_OCCURRENCE,PROCEDURE_CONCEPT_ID,2004342,Removal of both fallopian tubes at same operative episode,,,plausibleGender,5,Female,
PROCEDURE_OCCURRENCE,PROCEDURE_CONCEPT_ID,2004443,Closed biopsy of uterus,,,plausibleGender,5,Female,
PROCEDURE_OCCURRENCE,PROCEDURE_CONCEPT_ID,2004627,Vaginal suspension and fixation,,,plausibleGender,5,Female,
PROCEDURE_OCCURRENCE,PROCEDURE_CONCEPT_ID,2109825,"Transurethral electrosurgical resection of prostate, including control of postoperative bleeding, complete (vasectomy, meatotomy, cystourethroscopy, urethral calibration and/or dilation, and internal urethrotomy are included)",,,plausibleGender,5,Male,
PROCEDURE_OCCURRENCE,PROCEDURE_CONCEPT_ID,2109833,"Laser vaporization of prostate, including control of postoperative bleeding, complete (vasectomy, meatotomy, cystourethroscopy, urethral calibration and/or dilation, internal urethrotomy and transurethral resection of prostate are included if performed)",,,plausibleGender,5,Male,
PROCEDURE_OCCURRENCE,PROCEDURE_CONCEPT_ID,2109900,"Destruction of lesion(s), penis (eg, condyloma, papilloma, molluscum contagiosum, herpetic vesicle), simple; chemical",,,plausibleGender,5,Male,
PROCEDURE_OCCURRENCE,PROCEDURE_CONCEPT_ID,2109902,"Destruction of lesion(s), penis (eg, condyloma, papilloma, molluscum contagiosum, herpetic vesicle), simple; cryosurgery",,,plausibleGender,5,Male,
PROCEDURE_OCCURRENCE,PROCEDURE_CONCEPT_ID,2109905,"Destruction of lesion(s), penis (eg, condyloma, papilloma, molluscum contagiosum, herpetic vesicle), extensive (eg, laser surgery, electrosurgery, cryosurgery, chemosurgery)",,,plausibleGender,5,Male,
PROCEDURE_OCCURRENCE,PROCEDURE_CONCEPT_ID,2109906,"Biopsy of penis, (separate procedure)",,,plausibleGender,5,Male,
PROCEDURE_OCCURRENCE,PROCEDURE_CONCEPT_ID,2109916,"Circumcision, using clamp or other device with regional dorsal penile or ring block",,,plausibleGender,5,Male,
PROCEDURE_OCCURRENCE,PROCEDURE_CONCEPT_ID,2109968,Foreskin manipulation including lysis of preputial adhesions and stretching,,,plausibleGender,5,Male,
PROCEDURE_OCCURRENCE,PROCEDURE_CONCEPT_ID,2109973,"Orchiectomy, simple (including subcapsular), with or without testicular prosthesis, scrotal or inguinal approach",,,plausibleGender,5,Male,
PROCEDURE_OCCURRENCE,PROCEDURE_CONCEPT_ID,2109981,"Orchiopexy, inguinal approach, with or without hernia repair",,,plausibleGender,5,Male,
PROCEDURE_OCCURRENCE,PROCEDURE_CONCEPT_ID,2110004,Drainage of scrotal wall abscess,,,plausibleGender,5,Male,
PROCEDURE_OCCURRENCE,PROCEDURE_CONCEPT_ID,2110011,"Vasectomy, unilateral or bilateral (separate procedure), including postoperative semen examination(s)",,,plausibleGender,5,Male,
PROCEDURE_OCCURRENCE,PROCEDURE_CONCEPT_ID,2110026,"Biopsy, prostate; needle or punch, single or multiple, any approach",,,plausibleGender,5,Male,
PROCEDURE_OCCURRENCE,PROCEDURE_CONCEPT_ID,2110039,"Prostatectomy, retropubic radical, with or without nerve sparing; with bilateral pelvic lymphadenectomy, including external iliac, hypogastric, and obturator nodes",,,plausibleGender,5,Male,
PROCEDURE_OCCURRENCE,PROCEDURE_CONCEPT_ID,2110044,"Laparoscopy, surgical prostatectomy, retropubic radical, including nerve sparing, includes robotic assistance, when performed",,,plausibleGender,5,Male,
PROCEDURE_OCCURRENCE,PROCEDURE_CONCEPT_ID,2110078,Colposcopy of the vulva,,,plausibleGender,5,Female,
PROCEDURE_OCCURRENCE,PROCEDURE_CONCEPT_ID,2110116,"Colpopexy, vaginal; extra-peritoneal approach (sacrospinous, iliococcygeus)",,,plausibleGender,5,Female,
PROCEDURE_OCCURRENCE,PROCEDURE_CONCEPT_ID,2110142,"Laparoscopy, surgical, colpopexy (suspension of vaginal apex)",,,plausibleGender,5,Female,
PROCEDURE_OCCURRENCE,PROCEDURE_CONCEPT_ID,2110144,"Colposcopy of the cervix including upper/adjacent vagina, with biopsy(s) of the cervix and endocervical curettage",,,plausibleGender,5,Female,
PROCEDURE_OCCURRENCE,PROCEDURE_CONCEPT_ID,2110169,"Endometrial sampling (biopsy) with or without endocervical sampling (biopsy), without cervical dilation, any method (separate procedure)",,,plausibleGender,5,Female,
PROCEDURE_OCCURRENCE,PROCEDURE_CONCEPT_ID,2110175,"Total abdominal hysterectomy (corpus and cervix), with or without removal of tube(s), with or without removal of ovary(s)",,,plausibleGender,5,Female,
PROCEDURE_OCCURRENCE,PROCEDURE_CONCEPT_ID,2110194,Insertion of intrauterine device (IUD),,,plausibleGender,5,Female,
PROCEDURE_OCCURRENCE,PROCEDURE_CONCEPT_ID,2110195,Removal of intrauterine device (IUD),,,plausibleGender,5,Female,
PROCEDURE_OCCURRENCE,PROCEDURE_CONCEPT_ID,2110203,"Endometrial ablation, thermal, without hysteroscopic guidance",,,plausibleGender,5,Female,
PROCEDURE_OCCURRENCE,PROCEDURE_CONCEPT_ID,2110222,"Hysteroscopy, surgical; with sampling (biopsy) of endometrium and/or polypectomy, with or without D & C",,,plausibleGender,5,Female,
PROCEDURE_OCCURRENCE,PROCEDURE_CONCEPT_ID,2110227,"Hysteroscopy, surgical; with endometrial ablation (eg, endometrial resection, electrosurgical ablation, thermoablation)",,,plausibleGender,5,Female,
PROCEDURE_OCCURRENCE,PROCEDURE_CONCEPT_ID,2110230,"Laparoscopy, surgical, with total hysterectomy, for uterus 250 g or less; with removal of tube(s) and/or ovary(s)",,,plausibleGender,5,Female,
PROCEDURE_OCCURRENCE,PROCEDURE_CONCEPT_ID,2110307,"Routine obstetric care including antepartum care, vaginal delivery (with or without episiotomy, and/or forceps) and postpartum care",,,plausibleGender,5,Female,
PROCEDURE_OCCURRENCE,PROCEDURE_CONCEPT_ID,2110315,"Routine obstetric care including antepartum care, cesarean delivery, and postpartum care",,,plausibleGender,5,Female,
PROCEDURE_OCCURRENCE,PROCEDURE_CONCEPT_ID,2110316,Cesarean delivery only,,,plausibleGender,5,Female,
PROCEDURE_OCCURRENCE,PROCEDURE_CONCEPT_ID,2110317,"Cesarean delivery only, including postpartum care",,,plausibleGender,5,Female,
PROCEDURE_OCCURRENCE,PROCEDURE_CONCEPT_ID,2110326,"Treatment of missed abortion, completed surgically; first trimester",,,plausibleGender,5,Female,
PROCEDURE_OCCURRENCE,PROCEDURE_CONCEPT_ID,2211747,"Ultrasound, pregnant uterus, real time with image documentation, fetal and maternal evaluation, first trimester (< 14 weeks 0 days), transabdominal approach; single or first gestation",,,plausibleGender,5,Female,
PROCEDURE_OCCURRENCE,PROCEDURE_CONCEPT_ID,2211749,"Ultrasound, pregnant uterus, real time with image documentation, fetal and maternal evaluation, after first trimester (> or = 14 weeks 0 days), transabdominal approach; single or first gestation",,,plausibleGender,5,Female,
PROCEDURE_OCCURRENCE,PROCEDURE_CONCEPT_ID,2211751,"Ultrasound, pregnant uterus, real time with image documentation, fetal and maternal evaluation plus detailed fetal anatomic examination, transabdominal approach; single or first gestation",,,plausibleGender,5,Female,
PROCEDURE_OCCURRENCE,PROCEDURE_CONCEPT_ID,2211753,"Ultrasound, pregnant uterus, real time with image documentation, first trimester fetal nuchal translucency measurement, transabdominal or transvaginal approach; single or first gestation",,,plausibleGender,5,Female,
PROCEDURE_OCCURRENCE,PROCEDURE_CONCEPT_ID,2211755,"Ultrasound, pregnant uterus, real time with image documentation, limited (eg, fetal heart beat, placental location, fetal position and/or qualitative amniotic fluid volume), 1 or more fetuses",,,plausibleGender,5,Female,
PROCEDURE_OCCURRENCE,PROCEDURE_CONCEPT_ID,2211756,"Ultrasound, pregnant uterus, real time with image documentation, follow-up (eg, re-evaluation of fetal size by measuring standard growth parameters and amniotic fluid volume, re-evaluation of organ system(s) suspected or confirmed to be abnormal on a prev",,,plausibleGender,5,Female,
PROCEDURE_OCCURRENCE,PROCEDURE_CONCEPT_ID,2211757,"Ultrasound, pregnant uterus, real time with image documentation, transvaginal",,,plausibleGender,5,Female,
PROCEDURE_OCCURRENCE,PROCEDURE_CONCEPT_ID,2211765,"Ultrasound, transvaginal",,,plausibleGender,5,Female,
PROCEDURE_OCCURRENCE,PROCEDURE_CONCEPT_ID,2211769,"Ultrasound, scrotum and contents",,,plausibleGender,5,Male,
PROCEDURE_OCCURRENCE,PROCEDURE_CONCEPT_ID,2617204,"Cervical or vaginal cancer screening, pelvic and clinical breast examination",,,plausibleGender,5,Female,
PROCEDURE_OCCURRENCE,PROCEDURE_CONCEPT_ID,2721063,"Annual gynecological examination, new patient",,,plausibleGender,5,Female,
PROCEDURE_OCCURRENCE,PROCEDURE_CONCEPT_ID,2721064,"Annual gynecological examination, established patient",,,plausibleGender,5,Female,
PROCEDURE_OCCURRENCE,PROCEDURE_CONCEPT_ID,2780478,"Resection of Prostate, Percutaneous Endoscopic Approach",,,plausibleGender,5,Male,
PROCEDURE_OCCURRENCE,PROCEDURE_CONCEPT_ID,2780523,"Resection of Prepuce, External Approach",,,plausibleGender,5,Male,
CONDITION_OCCURRENCE,CONDITION_CONCEPT_ID,4005743,Female sterility,,,plausibleGender,5,Female,
CONDITION_OCCURRENCE,CONDITION_CONCEPT_ID,4005933,"Hypospadias, penile",,,plausibleGender,5,Male,
CONDITION_OCCURRENCE,CONDITION_CONCEPT_ID,4012343,Vaginal discharge symptom,,,plausibleGender,5,Female,
CONDITION_OCCURRENCE,CONDITION_CONCEPT_ID,4016155,Prostatism,,,plausibleGender,5,Male,
PROCEDURE_OCCURRENCE,PROCEDURE_CONCEPT_ID,4021531,Total abdominal hysterectomy,,,plausibleGender,5,Female,
CONDITION_OCCURRENCE,CONDITION_CONCEPT_ID,4032594,Inflammation of scrotum,,,plausibleGender,5,Male,
PROCEDURE_OCCURRENCE,PROCEDURE_CONCEPT_ID,4032622,Laparoscopic supracervical hysterectomy,,,plausibleGender,5,Female,
PROCEDURE_OCCURRENCE,PROCEDURE_CONCEPT_ID,4038747,Obstetric examination,,,plausibleGender,5,Female,
CONDITION_OCCURRENCE,CONDITION_CONCEPT_ID,4048225,Neoplasm of endometrium,,,plausibleGender,5,Female,
CONDITION_OCCURRENCE,CONDITION_CONCEPT_ID,4050091,Open wound of penis,,,plausibleGender,5,Male,
CONDITION_OCCURRENCE,CONDITION_CONCEPT_ID,4051956,Vulvovaginal disease,,,plausibleGender,5,Female,
PROCEDURE_OCCURRENCE,PROCEDURE_CONCEPT_ID,4052532,Hysteroscopy,,,plausibleGender,5,Female,
CONDITION_OCCURRENCE,CONDITION_CONCEPT_ID,4054550,Open wound of scrotum and testes,,,plausibleGender,5,Male,
CONDITION_OCCURRENCE,CONDITION_CONCEPT_ID,4056903,Vaginitis associated with another disorder,,,plausibleGender,5,Female,
PROCEDURE_OCCURRENCE,PROCEDURE_CONCEPT_ID,4058792,Douche of vagina,,,plausibleGender,5,Female,
CONDITION_OCCURRENCE,CONDITION_CONCEPT_ID,4060207,Vulval irritation,,,plausibleGender,5,Female,
CONDITION_OCCURRENCE,CONDITION_CONCEPT_ID,4060556,"Uterine scar from previous surgery in pregnancy, childbirth and the puerperium",,,plausibleGender,5,Female,
CONDITION_OCCURRENCE,CONDITION_CONCEPT_ID,4060558,"Uterine scar from previous surgery in pregnancy, childbirth and the puerperium - delivered",,,plausibleGender,5,Female,
CONDITION_OCCURRENCE,CONDITION_CONCEPT_ID,4060559,"Uterine scar from previous surgery in pregnancy, childbirth and the puerperium with antenatal problem",,,plausibleGender,5,Female,
CONDITION_OCCURRENCE,CONDITION_CONCEPT_ID,4061050,Subacute and chronic vaginitis,,,plausibleGender,5,Female,
CONDITION_OCCURRENCE,CONDITION_CONCEPT_ID,4071874,Pain in scrotum,,,plausibleGender,5,Male,
PROCEDURE_OCCURRENCE,PROCEDURE_CONCEPT_ID,4073700,Transurethral laser prostatectomy,,,plausibleGender,5,Male,
CONDITION_OCCURRENCE,CONDITION_CONCEPT_ID,4081648,Acute vaginitis,,,plausibleGender,5,Female,
PROCEDURE_OCCURRENCE,PROCEDURE_CONCEPT_ID,4083772,Echography of scrotum and contents,,,plausibleGender,5,Male,
CONDITION_OCCURRENCE,CONDITION_CONCEPT_ID,4090039,Penile arterial insufficiency,,,plausibleGender,5,Male,
CONDITION_OCCURRENCE,CONDITION_CONCEPT_ID,4092515,"Malignant neoplasm, overlapping lesion of cervix uteri",,,plausibleGender,5,Female,
CONDITION_OCCURRENCE,CONDITION_CONCEPT_ID,4093346,Large prostate,,,plausibleGender,5,Male,
CONDITION_OCCURRENCE,CONDITION_CONCEPT_ID,4095940,Finding of pattern of menstrual cycle,,,plausibleGender,5,Female,
PROCEDURE_OCCURRENCE,PROCEDURE_CONCEPT_ID,4096783,Radical prostatectomy,,,plausibleGender,5,Male,
CONDITION_OCCURRENCE,CONDITION_CONCEPT_ID,4109081,Pain in penis,,,plausibleGender,5,Male,
PROCEDURE_OCCURRENCE,PROCEDURE_CONCEPT_ID,4127886,Hysterectomy,,,plausibleGender,5,Female,
CONDITION_OCCURRENCE,CONDITION_CONCEPT_ID,4128329,Menopause present,,,plausibleGender,5,Female,
CONDITION_OCCURRENCE,CONDITION_CONCEPT_ID,4129155,Vaginal bleeding,,,plausibleGender,5,Female,
PROCEDURE_OCCURRENCE,PROCEDURE_CONCEPT_ID,4138738,Vaginal hysterectomy,,,plausibleGender,5,Female,
CONDITION_OCCURRENCE,CONDITION_CONCEPT_ID,4140828,Acute vulvitis,,,plausibleGender,5,Female,
PROCEDURE_OCCURRENCE,PROCEDURE_CONCEPT_ID,4141940,Endometrial ablation,,,plausibleGender,5,Female,
CONDITION_OCCURRENCE,CONDITION_CONCEPT_ID,4143116,Azoospermia,,,plausibleGender,5,Male,
PROCEDURE_OCCURRENCE,PROCEDURE_CONCEPT_ID,4146777,Radical abdominal hysterectomy,,,plausibleGender,5,Female,
CONDITION_OCCURRENCE,CONDITION_CONCEPT_ID,4147021,"Contusion, scrotum or testis",,,plausibleGender,5,Male,
CONDITION_OCCURRENCE,CONDITION_CONCEPT_ID,4149084,Vaginitis,,,plausibleGender,5,Female,
CONDITION_OCCURRENCE,CONDITION_CONCEPT_ID,4150042,Vaginal ulcer,,,plausibleGender,5,Female,
CONDITION_OCCURRENCE,CONDITION_CONCEPT_ID,4150816,Bicornuate uterus,,,plausibleGender,5,Female,
CONDITION_OCCURRENCE,CONDITION_CONCEPT_ID,4155529,Mechanical complication of intrauterine contraceptive device,,,plausibleGender,5,Female,
CONDITION_OCCURRENCE,CONDITION_CONCEPT_ID,4156113,Malignant neoplasm of body of uterus,,,plausibleGender,5,Female,
PROCEDURE_OCCURRENCE,PROCEDURE_CONCEPT_ID,4161944,Low cervical cesarean section,,,plausibleGender,5,Female,
CONDITION_OCCURRENCE,CONDITION_CONCEPT_ID,4162860,Primary malignant neoplasm of body of uterus,,,plausibleGender,5,Female,
CONDITION_OCCURRENCE,CONDITION_CONCEPT_ID,4163261,Malignant tumor of prostate,,,plausibleGender,5,Male,
CONDITION_OCCURRENCE,CONDITION_CONCEPT_ID,4171394,Abnormal menstrual cycle,,,plausibleGender,5,Female,
CONDITION_OCCURRENCE,CONDITION_CONCEPT_ID,4171915,Orchitis,,,plausibleGender,5,Male,
CONDITION_OCCURRENCE,CONDITION_CONCEPT_ID,4180978,Vulvovaginitis,,,plausibleGender,5,Female,
PROCEDURE_OCCURRENCE,PROCEDURE_CONCEPT_ID,4181912,Cone biopsy of cervix,,,plausibleGender,5,Female,
CONDITION_OCCURRENCE,CONDITION_CONCEPT_ID,4194652,Pruritus of vulva,,,plausibleGender,5,Female,
CONDITION_OCCURRENCE,CONDITION_CONCEPT_ID,4199600,Candidal balanitis,,,plausibleGender,5,Male,
PROCEDURE_OCCURRENCE,PROCEDURE_CONCEPT_ID,4234536,Transurethral prostatectomy,,,plausibleGender,5,Male,
CONDITION_OCCURRENCE,CONDITION_CONCEPT_ID,4235215,Swelling of testicle,,,plausibleGender,5,Male,
PROCEDURE_OCCURRENCE,PROCEDURE_CONCEPT_ID,4238715,Removal of intrauterine device,,,plausibleGender,5,Female,
PROCEDURE_OCCURRENCE,PROCEDURE_CONCEPT_ID,4243919,Incision of ovary,,,plausibleGender,5,Female,
CONDITION_OCCURRENCE,CONDITION_CONCEPT_ID,4260520,Balanitis,,,plausibleGender,5,Male,
CONDITION_OCCURRENCE,CONDITION_CONCEPT_ID,4270932,Pain in testicle,,,plausibleGender,5,Male,
PROCEDURE_OCCURRENCE,PROCEDURE_CONCEPT_ID,4275113,Insertion of intrauterine contraceptive device,,,plausibleGender,5,Female,
CONDITION_OCCURRENCE,CONDITION_CONCEPT_ID,4279913,Primary ovarian failure,,,plausibleGender,5,Female,
CONDITION_OCCURRENCE,CONDITION_CONCEPT_ID,4281030,Secondary malignant neoplasm of right ovary,,,plausibleGender,5,Female,
CONDITION_OCCURRENCE,CONDITION_CONCEPT_ID,4294393,Ulcer of penis,,,plausibleGender,5,Male,
PROCEDURE_OCCURRENCE,PROCEDURE_CONCEPT_ID,4294805,Laparoscopic-assisted vaginal hysterectomy,,,plausibleGender,5,Female,
CONDITION_OCCURRENCE,CONDITION_CONCEPT_ID,4295261,Postmenopausal state,,,plausibleGender,5,Female,
CONDITION_OCCURRENCE,CONDITION_CONCEPT_ID,4303258,Bacterial vaginosis,,,plausibleGender,5,Female,
PROCEDURE_OCCURRENCE,PROCEDURE_CONCEPT_ID,4306780,Gynecologic examination,,,plausibleGender,5,Female,
PROCEDURE_OCCURRENCE,PROCEDURE_CONCEPT_ID,4310552,Orchidopexy,,,plausibleGender,5,Male,
CONDITION_OCCURRENCE,CONDITION_CONCEPT_ID,4320332,Hydrocele of tunica vaginalis,,,plausibleGender,5,Male,
PROCEDURE_OCCURRENCE,PROCEDURE_CONCEPT_ID,4321575,Lysis of penile adhesions,,,plausibleGender,5,Male,
PROCEDURE_OCCURRENCE,PROCEDURE_CONCEPT_ID,4330583,Vasectomy,,,plausibleGender,5,Male,
CONDITION_OCCURRENCE,CONDITION_CONCEPT_ID,4339088,Testicular mass,,,plausibleGender,5,Male,
CONDITION_OCCURRENCE,CONDITION_CONCEPT_ID,40481080,Benign localized hyperplasia of prostate,,,plausibleGender,5,Male,
CONDITION_OCCURRENCE,CONDITION_CONCEPT_ID,40482030,Dysplasia of prostate,,,plausibleGender,5,Male,
CONDITION_OCCURRENCE,CONDITION_CONCEPT_ID,40482406,Low lying placenta,,,plausibleGender,5,Female,
CONDITION_OCCURRENCE,CONDITION_CONCEPT_ID,40483613,Inflammatory disease of female genital structure,,,plausibleGender,5,Female,
CONDITION_OCCURRENCE,CONDITION_CONCEPT_ID,40490888,Herniation of rectum into vagina,,,plausibleGender,5,Female,
CONDITION_OCCURRENCE,CONDITION_CONCEPT_ID,42709954,Phimosis,,,plausibleGender,5,Male,
CONDITION_OCCURRENCE,CONDITION_CONCEPT_ID,45757415,Benign endometrial hyperplasia,,,plausibleGender,5,Female,
CONDITION_OCCURRENCE,CONDITION_CONCEPT_ID,45766654,Disorder of skin of penis,,,plausibleGender,5,Male,
CONDITION_OCCURRENCE,CONDITION_CONCEPT_ID,45770892,Primary malignant neoplasm of uterus,,,plausibleGender,5,Female,
CONDITION_OCCURRENCE,CONDITION_CONCEPT_ID,45772671,Nodular prostate without urinary obstruction,,,plausibleGender,5,Male,
CONDITION_OCCURRENCE,CONDITION_CONCEPT_ID,"4090861, 4025213","Male genitalia finding, Male reproductive finding",,,plausibleGenderUseDescendants,2,Male,
CONDITION_OCCURRENCE,CONDITION_CONCEPT_ID,"4095793 , 443343, 4024004 , 4172857, 444094 , 197810, 4158481","Female genitalia finding, Disorder of intrauterine contraceptive device, Menopause finding, Disorder of female genital system, Malignant neoplasm of uterine adnexa, Finding related to pregnancy, Female reproductive finding",,,plausibleGenderUseDescendants,2,Female,
PROCEDURE_OCCURRENCE,PROCEDURE_CONCEPT_ID,4041261,Procedure on female genital system,,,plausibleGenderUseDescendants,2,Female,
PROCEDURE_OCCURRENCE,PROCEDURE_CONCEPT_ID,"4250917, 4077750, 4043199, 4040577","Operation on prostate, Operation on scrotum, Procedure on penis, Procedure on testis",,,plausibleGenderUseDescendants,2,Male,
VISIT_OCCURRENCE,VISIT_CONCEPT_ID,9201,Inpatient visit,,,isTemporallyConstant,,,
VISIT_OCCURRENCE,VISIT_CONCEPT_ID,9202,Outpatient visit,,,isTemporallyConstant,,,
VISIT_OCCURRENCE,VISIT_CONCEPT_ID,9203,ER visit,,,isTemporallyConstant,,,
CONDITION_OCCURRENCE,CONDITION_CONCEPT_ID,80180,Osteoarthritis,,,isTemporallyConstant,,,
CONDITION_OCCURRENCE,CONDITION_CONCEPT_ID,80809,Rheumatoid arthritis,,,isTemporallyConstant,,,
CONDITION_OCCURRENCE,CONDITION_CONCEPT_ID,81893,Ulcerative colitis,,,isTemporallyConstant,,,
CONDITION_OCCURRENCE,CONDITION_CONCEPT_ID,81902,Urinary tract infectious disease,,,isTemporallyConstant,,,
CONDITION_OCCURRENCE,CONDITION_CONCEPT_ID,140168,Psoriasis,,,isTemporallyConstant,,,
CONDITION_OCCURRENCE,CONDITION_CONCEPT_ID,192671,Gastrointestinal hemorrhage,,,isTemporallyConstant,,,
CONDITION_OCCURRENCE,CONDITION_CONCEPT_ID,197494,Viral hepatitis C,,,isTemporallyConstant,,,
CONDITION_OCCURRENCE,CONDITION_CONCEPT_ID,197508,Malignant tumor of urinary bladder,,,isTemporallyConstant,,,
CONDITION_OCCURRENCE,CONDITION_CONCEPT_ID,200962,Primary malignant neoplasm of prostate,,,isTemporallyConstant,,,
CONDITION_OCCURRENCE,CONDITION_CONCEPT_ID,201606,Crohn's disease,,,isTemporallyConstant,,,
CONDITION_OCCURRENCE,CONDITION_CONCEPT_ID,201820,Diabetes mellitus,,,isTemporallyConstant,,,
CONDITION_OCCURRENCE,CONDITION_CONCEPT_ID,255573,Chronic obstructive lung disease,,,isTemporallyConstant,,,
CONDITION_OCCURRENCE,CONDITION_CONCEPT_ID,255848,Pneumonia,,,isTemporallyConstant,,,
CONDITION_OCCURRENCE,CONDITION_CONCEPT_ID,313217,Atrial fibrillation,,,isTemporallyConstant,,,
CONDITION_OCCURRENCE,CONDITION_CONCEPT_ID,316139,Heart failure,,,isTemporallyConstant,,,
CONDITION_OCCURRENCE,CONDITION_CONCEPT_ID,316866,Hypertensive disorder,,,isTemporallyConstant,,,
CONDITION_OCCURRENCE,CONDITION_CONCEPT_ID,317576,Coronary arteriosclerosis,,,isTemporallyConstant,,,
CONDITION_OCCURRENCE,CONDITION_CONCEPT_ID,318800,Gastroesophageal reflux disease,,,isTemporallyConstant,,,
CONDITION_OCCURRENCE,CONDITION_CONCEPT_ID,321052,Peripheral vascular disease,,,isTemporallyConstant,,,
CONDITION_OCCURRENCE,CONDITION_CONCEPT_ID,321588,Heart disease,,,isTemporallyConstant,,,
CONDITION_OCCURRENCE,CONDITION_CONCEPT_ID,381591,Cerebrovascular disease,,,isTemporallyConstant,,,
CONDITION_OCCURRENCE,CONDITION_CONCEPT_ID,432571,Malignant lymphoma,,,isTemporallyConstant,,,
CONDITION_OCCURRENCE,CONDITION_CONCEPT_ID,432867,Hyperlipidemia,,,isTemporallyConstant,,,
CONDITION_OCCURRENCE,CONDITION_CONCEPT_ID,433736,Obesity,,,isTemporallyConstant,,,
CONDITION_OCCURRENCE,CONDITION_CONCEPT_ID,435783,Schizophrenia,,,isTemporallyConstant,,,
CONDITION_OCCURRENCE,CONDITION_CONCEPT_ID,438409,Attention deficit hyperactivity disorder,,,isTemporallyConstant,,,
CONDITION_OCCURRENCE,CONDITION_CONCEPT_ID,439727,Human immunodeficiency virus infection,,,isTemporallyConstant,,,
CONDITION_OCCURRENCE,CONDITION_CONCEPT_ID,440383,Depressive disorder,,,isTemporallyConstant,,,
CONDITION_OCCURRENCE,CONDITION_CONCEPT_ID,440417,Pulmonary embolism,,,isTemporallyConstant,,,
CONDITION_OCCURRENCE,CONDITION_CONCEPT_ID,443388,Malignant tumor of lung,,,isTemporallyConstant,,,
CONDITION_OCCURRENCE,CONDITION_CONCEPT_ID,443392,Malignant neoplastic disease,,,isTemporallyConstant,,,
CONDITION_OCCURRENCE,CONDITION_CONCEPT_ID,444247,Venous thrombosis,,,isTemporallyConstant,,,
CONDITION_OCCURRENCE,CONDITION_CONCEPT_ID,4006969,Acute respiratory disease,,,isTemporallyConstant,,,
CONDITION_OCCURRENCE,CONDITION_CONCEPT_ID,4030518,Renal impairment,,,isTemporallyConstant,,,
CONDITION_OCCURRENCE,CONDITION_CONCEPT_ID,4044013,Hematologic neoplasm,,,isTemporallyConstant,,,
CONDITION_OCCURRENCE,CONDITION_CONCEPT_ID,4104000,Lesion of liver,,,isTemporallyConstant,,,
CONDITION_OCCURRENCE,CONDITION_CONCEPT_ID,4112853,Malignant tumor of breast,,,isTemporallyConstant,,,
CONDITION_OCCURRENCE,CONDITION_CONCEPT_ID,4134440,Visual system disorder,,,isTemporallyConstant,,,
CONDITION_OCCURRENCE,CONDITION_CONCEPT_ID,4180790,Malignant tumor of colon,,,isTemporallyConstant,,,
CONDITION_OCCURRENCE,CONDITION_CONCEPT_ID,4182210,Dementia,,,isTemporallyConstant,,,
CONDITION_OCCURRENCE,CONDITION_CONCEPT_ID,4185932,Ischemic heart disease,,,isTemporallyConstant,,,
CONDITION_OCCURRENCE,CONDITION_CONCEPT_ID,4212540,Chronic liver disease,,,isTemporallyConstant,,,
CONDITION_OCCURRENCE,CONDITION_CONCEPT_ID,4279309,Substance abuse,,,isTemporallyConstant,,,
CONDITION_OCCURRENCE,CONDITION_CONCEPT_ID,40481902,Malignant neoplasm of anorectum,,,isTemporallyConstant,,,
CONDITION_OCCURRENCE,CONDITION_CONCEPT_ID,80180,Osteoarthritis,,,validPrevalenceLow,,0.0584,
CONDITION_OCCURRENCE,CONDITION_CONCEPT_ID,80809,Rheumatoid arthritis,,,validPrevalenceLow,,0.0045,
CONDITION_OCCURRENCE,CONDITION_CONCEPT_ID,81893,Ulcerative colitis,,,validPrevalenceLow,,0.0014,
CONDITION_OCCURRENCE,CONDITION_CONCEPT_ID,81902,Urinary tract infectious disease,,,validPrevalenceLow,,0.0412,
CONDITION_OCCURRENCE,CONDITION_CONCEPT_ID,140168,Psoriasis,,,validPrevalenceLow,,0.0055,
CONDITION_OCCURRENCE,CONDITION_CONCEPT_ID,192671,Gastrointestinal hemorrhage,,,validPrevalenceLow,,0.0135,
CONDITION_OCCURRENCE,CONDITION_CONCEPT_ID,197494,Viral hepatitis C,,,validPrevalenceLow,,0.0017,
CONDITION_OCCURRENCE,CONDITION_CONCEPT_ID,197508,Malignant tumor of urinary bladder,,,validPrevalenceLow,,0.0013,
CONDITION_OCCURRENCE,CONDITION_CONCEPT_ID,200962,Primary malignant neoplasm of prostate,,,validPrevalenceLow,,0.0052,
CONDITION_OCCURRENCE,CONDITION_CONCEPT_ID,201606,Crohn's disease,,,validPrevalenceLow,,0.0012,
CONDITION_OCCURRENCE,CONDITION_CONCEPT_ID,201820,Diabetes mellitus,,,validPrevalenceLow,,0.039,
CONDITION_OCCURRENCE,CONDITION_CONCEPT_ID,255573,Chronic obstructive lung disease,,,validPrevalenceLow,,0.0194,
CONDITION_OCCURRENCE,CONDITION_CONCEPT_ID,255848,Pneumonia,,,validPrevalenceLow,,0.0218,
CONDITION_OCCURRENCE,CONDITION_CONCEPT_ID,313217,Atrial fibrillation,,,validPrevalenceLow,,0.0128,
CONDITION_OCCURRENCE,CONDITION_CONCEPT_ID,316139,Heart failure,,,validPrevalenceLow,,0.0161,
CONDITION_OCCURRENCE,CONDITION_CONCEPT_ID,316866,Hypertensive disorder,,,validPrevalenceLow,,0.0913,
CONDITION_OCCURRENCE,CONDITION_CONCEPT_ID,317576,Coronary arteriosclerosis,,,validPrevalenceLow,,0.0206,
CONDITION_OCCURRENCE,CONDITION_CONCEPT_ID,318800,Gastroesophageal reflux disease,,,validPrevalenceLow,,0.0337,
CONDITION_OCCURRENCE,CONDITION_CONCEPT_ID,321052,Peripheral vascular disease,,,validPrevalenceLow,,0.0426,
CONDITION_OCCURRENCE,CONDITION_CONCEPT_ID,321588,Heart disease,,,validPrevalenceLow,,0.061,
CONDITION_OCCURRENCE,CONDITION_CONCEPT_ID,381591,Cerebrovascular disease,,,validPrevalenceLow,,0.0142,
CONDITION_OCCURRENCE,CONDITION_CONCEPT_ID,432571,Malignant lymphoma,,,validPrevalenceLow,,0.0016,
CONDITION_OCCURRENCE,CONDITION_CONCEPT_ID,432867,Hyperlipidemia,,,validPrevalenceLow,,0.0712,
CONDITION_OCCURRENCE,CONDITION_CONCEPT_ID,433736,Obesity,,,validPrevalenceLow,,0.038,
CONDITION_OCCURRENCE,CONDITION_CONCEPT_ID,435783,Schizophrenia,,,validPrevalenceLow,,0.0021,
CONDITION_OCCURRENCE,CONDITION_CONCEPT_ID,438409,Attention deficit hyperactivity disorder,,,validPrevalenceLow,,0.0078,
CONDITION_OCCURRENCE,CONDITION_CONCEPT_ID,439727,Human immunodeficiency virus infection,,,validPrevalenceLow,,6e-04,
CONDITION_OCCURRENCE,CONDITION_CONCEPT_ID,440383,Depressive disorder,,,validPrevalenceLow,,0.0392,
CONDITION_OCCURRENCE,CONDITION_CONCEPT_ID,440417,Pulmonary embolism,,,validPrevalenceLow,,0.0024,
CONDITION_OCCURRENCE,CONDITION_CONCEPT_ID,443388,Malignant tumor of lung,,,validPrevalenceLow,,0.0021,
CONDITION_OCCURRENCE,CONDITION_CONCEPT_ID,443392,Malignant neoplastic disease,,,validPrevalenceLow,,0.0326,
CONDITION_OCCURRENCE,CONDITION_CONCEPT_ID,444247,Venous thrombosis,,,validPrevalenceLow,,0.0082,
CONDITION_OCCURRENCE,CONDITION_CONCEPT_ID,4006969,Acute respiratory disease,,,validPrevalenceLow,,0.1703,
CONDITION_OCCURRENCE,CONDITION_CONCEPT_ID,4030518,Renal impairment,,,validPrevalenceLow,,0.0174,
CONDITION_OCCURRENCE,CONDITION_CONCEPT_ID,4044013,Hematologic neoplasm,,,validPrevalenceLow,,0.0037,
CONDITION_OCCURRENCE,CONDITION_CONCEPT_ID,4104000,Lesion of liver,,,validPrevalenceLow,,0.0029,
CONDITION_OCCURRENCE,CONDITION_CONCEPT_ID,4112853,Malignant tumor of breast,,,validPrevalenceLow,,0.0047,
CONDITION_OCCURRENCE,CONDITION_CONCEPT_ID,4134440,Visual system disorder,,,validPrevalenceLow,,0.1181,
CONDITION_OCCURRENCE,CONDITION_CONCEPT_ID,4180790,Malignant tumor of colon,,,validPrevalenceLow,,0.0019,
CONDITION_OCCURRENCE,CONDITION_CONCEPT_ID,4182210,Dementia,,,validPrevalenceLow,,0.0086,
CONDITION_OCCURRENCE,CONDITION_CONCEPT_ID,4185932,Ischemic heart disease,,,validPrevalenceLow,,0.0201,
CONDITION_OCCURRENCE,CONDITION_CONCEPT_ID,4212540,Chronic liver disease,,,validPrevalenceLow,,0.0053,
CONDITION_OCCURRENCE,CONDITION_CONCEPT_ID,4279309,Substance abuse,,,validPrevalenceLow,,0.0063,
CONDITION_OCCURRENCE,CONDITION_CONCEPT_ID,40481902,Malignant neoplasm of anorectum,,,validPrevalenceLow,,0.001,
CONDITION_OCCURRENCE,CONDITION_CONCEPT_ID,80180,Osteoarthritis,,,validPrevalenceHigh,,0.5252,
CONDITION_OCCURRENCE,CONDITION_CONCEPT_ID,80809,Rheumatoid arthritis,,,validPrevalenceHigh,,0.0405,
CONDITION_OCCURRENCE,CONDITION_CONCEPT_ID,81893,Ulcerative colitis,,,validPrevalenceHigh,,0.0128,
CONDITION_OCCURRENCE,CONDITION_CONCEPT_ID,81902,Urinary tract infectious disease,,,validPrevalenceHigh,,0.371,
CONDITION_OCCURRENCE,CONDITION_CONCEPT_ID,140168,Psoriasis,,,validPrevalenceHigh,,0.0494,
CONDITION_OCCURRENCE,CONDITION_CONCEPT_ID,192671,Gastrointestinal hemorrhage,,,validPrevalenceHigh,,0.1219,
CONDITION_OCCURRENCE,CONDITION_CONCEPT_ID,197494,Viral hepatitis C,,,validPrevalenceHigh,,0.0155,
CONDITION_OCCURRENCE,CONDITION_CONCEPT_ID,197508,Malignant tumor of urinary bladder,,,validPrevalenceHigh,,0.0113,
CONDITION_OCCURRENCE,CONDITION_CONCEPT_ID,200962,Primary malignant neoplasm of prostate,,,validPrevalenceHigh,,0.0471,
CONDITION_OCCURRENCE,CONDITION_CONCEPT_ID,201606,Crohn's disease,,,validPrevalenceHigh,,0.0112,
CONDITION_OCCURRENCE,CONDITION_CONCEPT_ID,201820,Diabetes mellitus,,,validPrevalenceHigh,,0.3514,
CONDITION_OCCURRENCE,CONDITION_CONCEPT_ID,255573,Chronic obstructive lung disease,,,validPrevalenceHigh,,0.1742,
CONDITION_OCCURRENCE,CONDITION_CONCEPT_ID,255848,Pneumonia,,,validPrevalenceHigh,,0.1966,
CONDITION_OCCURRENCE,CONDITION_CONCEPT_ID,313217,Atrial fibrillation,,,validPrevalenceHigh,,0.1155,
CONDITION_OCCURRENCE,CONDITION_CONCEPT_ID,316139,Heart failure,,,validPrevalenceHigh,,0.1452,
CONDITION_OCCURRENCE,CONDITION_CONCEPT_ID,316866,Hypertensive disorder,,,validPrevalenceHigh,,0.8215,
CONDITION_OCCURRENCE,CONDITION_CONCEPT_ID,317576,Coronary arteriosclerosis,,,validPrevalenceHigh,,0.1852,
CONDITION_OCCURRENCE,CONDITION_CONCEPT_ID,318800,Gastroesophageal reflux disease,,,validPrevalenceHigh,,0.3033,
CONDITION_OCCURRENCE,CONDITION_CONCEPT_ID,321052,Peripheral vascular disease,,,validPrevalenceHigh,,0.3832,
CONDITION_OCCURRENCE,CONDITION_CONCEPT_ID,321588,Heart disease,,,validPrevalenceHigh,,0.5491,
CONDITION_OCCURRENCE,CONDITION_CONCEPT_ID,381591,Cerebrovascular disease,,,validPrevalenceHigh,,0.1274,
CONDITION_OCCURRENCE,CONDITION_CONCEPT_ID,432571,Malignant lymphoma,,,validPrevalenceHigh,,0.0143,
CONDITION_OCCURRENCE,CONDITION_CONCEPT_ID,432867,Hyperlipidemia,,,validPrevalenceHigh,,0.6412,
CONDITION_OCCURRENCE,CONDITION_CONCEPT_ID,433736,Obesity,,,validPrevalenceHigh,,0.3422,
CONDITION_OCCURRENCE,CONDITION_CONCEPT_ID,435783,Schizophrenia,,,validPrevalenceHigh,,0.0186,
CONDITION_OCCURRENCE,CONDITION_CONCEPT_ID,438409,Attention deficit hyperactivity disorder,,,validPrevalenceHigh,,0.0706,
CONDITION_OCCURRENCE,CONDITION_CONCEPT_ID,439727,Human immunodeficiency virus infection,,,validPrevalenceHigh,,0.0057,
CONDITION_OCCURRENCE,CONDITION_CONCEPT_ID,440383,Depressive disorder,,,validPrevalenceHigh,,0.3531,
CONDITION_OCCURRENCE,CONDITION_CONCEPT_ID,440417,Pulmonary embolism,,,validPrevalenceHigh,,0.022,
CONDITION_OCCURRENCE,CONDITION_CONCEPT_ID,443388,Malignant tumor of lung,,,validPrevalenceHigh,,0.0185,
CONDITION_OCCURRENCE,CONDITION_CONCEPT_ID,443392,Malignant neoplastic disease,,,validPrevalenceHigh,,0.2932,
CONDITION_OCCURRENCE,CONDITION_CONCEPT_ID,444247,Venous thrombosis,,,validPrevalenceHigh,,0.0737,
CONDITION_OCCURRENCE,CONDITION_CONCEPT_ID,4006969,Acute respiratory disease,,,validPrevalenceHigh,,1,
CONDITION_OCCURRENCE,CONDITION_CONCEPT_ID,4030518,Renal impairment,,,validPrevalenceHigh,,0.1568,
CONDITION_OCCURRENCE,CONDITION_CONCEPT_ID,4044013,Hematologic neoplasm,,,validPrevalenceHigh,,0.0331,
CONDITION_OCCURRENCE,CONDITION_CONCEPT_ID,4104000,Lesion of liver,,,validPrevalenceHigh,,0.0265,
CONDITION_OCCURRENCE,CONDITION_CONCEPT_ID,4112853,Malignant tumor of breast,,,validPrevalenceHigh,,0.0421,
CONDITION_OCCURRENCE,CONDITION_CONCEPT_ID,4134440,Visual system disorder,,,validPrevalenceHigh,,1,
CONDITION_OCCURRENCE,CONDITION_CONCEPT_ID,4180790,Malignant tumor of colon,,,validPrevalenceHigh,,0.0173,
CONDITION_OCCURRENCE,CONDITION_CONCEPT_ID,4182210,Dementia,,,validPrevalenceHigh,,0.0773,
CONDITION_OCCURRENCE,CONDITION_CONCEPT_ID,4185932,Ischemic heart disease,,,validPrevalenceHigh,,0.1813,
CONDITION_OCCURRENCE,CONDITION_CONCEPT_ID,4212540,Chronic liver disease,,,validPrevalenceHigh,,0.0476,
CONDITION_OCCURRENCE,CONDITION_CONCEPT_ID,4279309,Substance abuse,,,validPrevalenceHigh,,0.0568,
CONDITION_OCCURRENCE,CONDITION_CONCEPT_ID,40481902,Malignant neoplasm of anorectum,,,validPrevalenceHigh,,0.0089,
MEASUREMENT,MEASUREMENT_CONCEPT_ID,3006315,Basophils [#/volume] in Blood,,,plausibleUnitConceptIds,5,"8784,8848,8961,9444,8785",Approved UNIT_CONCEPT_IDs for the given MEASUREMENT_CONCEPT_ID
MEASUREMENT,MEASUREMENT_CONCEPT_ID,3004410,Hemoglobin A1c/Hemoglobin.total in Blood,,,plausibleUnitConceptIds,5,"8554,8737,9225,9579",Approved UNIT_CONCEPT_IDs for the given MEASUREMENT_CONCEPT_ID
MEASUREMENT,MEASUREMENT_CONCEPT_ID,40487382,Total lymphocyte count,,,plausibleUnitConceptIds,5,"8784,8848,8961,9444,8785",Approved UNIT_CONCEPT_IDs for the given MEASUREMENT_CONCEPT_ID
MEASUREMENT,MEASUREMENT_CONCEPT_ID,3013721,Aspartate aminotransferase [Enzymatic activity/volume] in Serum or Plasma,,,plausibleUnitConceptIds,5,"8645,8923",Approved UNIT_CONCEPT_IDs for the given MEASUREMENT_CONCEPT_ID
MEASUREMENT,MEASUREMENT_CONCEPT_ID,3019198,Lymphocytes [#/volume] in Blood,,,plausibleUnitConceptIds,5,"8784,8848,8961,9444,8785",Approved UNIT_CONCEPT_IDs for the given MEASUREMENT_CONCEPT_ID
MEASUREMENT,MEASUREMENT_CONCEPT_ID,3034426,Prothrombin time (PT),,,plausibleUnitConceptIds,5,8555,Approved UNIT_CONCEPT_IDs for the given MEASUREMENT_CONCEPT_ID
MEASUREMENT,MEASUREMENT_CONCEPT_ID,3043688,Hemoglobin [Mass/volume] in Body fluid,,,plausibleUnitConceptIds,5,"8713,8859",Approved UNIT_CONCEPT_IDs for the given MEASUREMENT_CONCEPT_ID
MEASUREMENT,MEASUREMENT_CONCEPT_ID,3046485,Urea nitrogen/Creatinine [Mass Ratio] in Blood,,,plausibleUnitConceptIds,5,"8523,8554,8596,-1",Approved UNIT_CONCEPT_IDs for the given MEASUREMENT_CONCEPT_ID
MEASUREMENT,MEASUREMENT_CONCEPT_ID,4216098,Eosinophil count,,,plausibleUnitConceptIds,5,"8784,8848,8961,9444",Approved UNIT_CONCEPT_IDs for the given MEASUREMENT_CONCEPT_ID
MEASUREMENT,MEASUREMENT_CONCEPT_ID,4245152,Potassium measurement,,,plausibleUnitConceptIds,5,"8736,8753,9557",Approved UNIT_CONCEPT_IDs for the given MEASUREMENT_CONCEPT_ID
MEASUREMENT,MEASUREMENT_CONCEPT_ID,43055141,Pain severity - 0-10 verbal numeric rating [Score] - Reported,,,plausibleUnitConceptIds,5,-1,Approved UNIT_CONCEPT_IDs for the given MEASUREMENT_CONCEPT_ID
MEASUREMENT,MEASUREMENT_CONCEPT_ID,3006923,Alanine aminotransferase [Enzymatic activity/volume] in Serum or Plasma,,,plausibleUnitConceptIds,5,"8645,8923",Approved UNIT_CONCEPT_IDs for the given MEASUREMENT_CONCEPT_ID
MEASUREMENT,MEASUREMENT_CONCEPT_ID,3021044,Iron binding capacity [Mass/volume] in Serum or Plasma,,,plausibleUnitConceptIds,5,8837,Approved UNIT_CONCEPT_IDs for the given MEASUREMENT_CONCEPT_ID
MEASUREMENT,MEASUREMENT_CONCEPT_ID,3024171,Respiratory rate,,,plausibleUnitConceptIds,5,"8483,8541",Approved UNIT_CONCEPT_IDs for the given MEASUREMENT_CONCEPT_ID
MEASUREMENT,MEASUREMENT_CONCEPT_ID,3027114,Cholesterol [Mass/volume] in Serum or Plasma,,,plausibleUnitConceptIds,5,8840,Approved UNIT_CONCEPT_IDs for the given MEASUREMENT_CONCEPT_ID
MEASUREMENT,MEASUREMENT_CONCEPT_ID,40762499,Oxygen saturation in Arterial blood by Pulse oximetry,,,plausibleUnitConceptIds,5,"8554,-1",Approved UNIT_CONCEPT_IDs for the given MEASUREMENT_CONCEPT_ID
MEASUREMENT,MEASUREMENT_CONCEPT_ID,3000963,Hemoglobin [Mass/volume] in Blood,,,plausibleUnitConceptIds,5,"8636,8713",Approved UNIT_CONCEPT_IDs for the given MEASUREMENT_CONCEPT_ID
MEASUREMENT,MEASUREMENT_CONCEPT_ID,3001604,Monocytes [#/volume] in Blood,,,plausibleUnitConceptIds,5,"8848,8961,9444",Approved UNIT_CONCEPT_IDs for the given MEASUREMENT_CONCEPT_ID
MEASUREMENT,MEASUREMENT_CONCEPT_ID,3019069,Monocytes/100 leukocytes in Blood,,,plausibleUnitConceptIds,5,8554,Approved UNIT_CONCEPT_IDs for the given MEASUREMENT_CONCEPT_ID
MEASUREMENT,MEASUREMENT_CONCEPT_ID,3022509,Hyaline casts [#/area] in Urine sediment by Microscopy low power field,,,plausibleUnitConceptIds,5,8765,Approved UNIT_CONCEPT_IDs for the given MEASUREMENT_CONCEPT_ID
MEASUREMENT,MEASUREMENT_CONCEPT_ID,3028288,Cholesterol in LDL [Mass/volume] in Serum or Plasma by calculation,,,plausibleUnitConceptIds,5,"8840,9028",Approved UNIT_CONCEPT_IDs for the given MEASUREMENT_CONCEPT_ID
MEASUREMENT,MEASUREMENT_CONCEPT_ID,4148615,Neutrophil count,,,plausibleUnitConceptIds,5,"8784,8848,8961,8848,9444",Approved UNIT_CONCEPT_IDs for the given MEASUREMENT_CONCEPT_ID
MEASUREMENT,MEASUREMENT_CONCEPT_ID,44806420,Estimation of glomerular filtration rate,,,plausibleUnitConceptIds,5,"720870,8795",Approved UNIT_CONCEPT_IDs for the given MEASUREMENT_CONCEPT_ID
MEASUREMENT,MEASUREMENT_CONCEPT_ID,3028437,Cholesterol in LDL [Mass/volume] in Serum or Plasma,,,plausibleUnitConceptIds,5,"8840,9028",Approved UNIT_CONCEPT_IDs for the given MEASUREMENT_CONCEPT_ID
MEASUREMENT,MEASUREMENT_CONCEPT_ID,3016991,Thyroxine (T4) [Mass/volume] in Serum or Plasma,,,plausibleUnitConceptIds,5,8837,Approved UNIT_CONCEPT_IDs for the given MEASUREMENT_CONCEPT_ID
MEASUREMENT,MEASUREMENT_CONCEPT_ID,3026925,Triiodothyronine (T3) Free [Mass/volume] in Serum or Plasma,,,plausibleUnitConceptIds,5,"8820,8845",Approved UNIT_CONCEPT_IDs for the given MEASUREMENT_CONCEPT_ID
MEASUREMENT,MEASUREMENT_CONCEPT_ID,3028615,Eosinophils [#/volume] in Blood by Automated count,,,plausibleUnitConceptIds,5,"8784,8816,8848,8961,9436,9444,8647",Approved UNIT_CONCEPT_IDs for the given MEASUREMENT_CONCEPT_ID
MEASUREMENT,MEASUREMENT_CONCEPT_ID,3051205,Crystals [#/area] in Urine sediment by Microscopy high power field,,,plausibleUnitConceptIds,5,8786,Approved UNIT_CONCEPT_IDs for the given MEASUREMENT_CONCEPT_ID
MEASUREMENT,MEASUREMENT_CONCEPT_ID,4098046,Pulse oximetry,,,plausibleUnitConceptIds,5,8554,Approved UNIT_CONCEPT_IDs for the given MEASUREMENT_CONCEPT_ID
MEASUREMENT,MEASUREMENT_CONCEPT_ID,3005131,Glucose mean value [Mass/volume] in Blood Estimated from glycated hemoglobin,,,plausibleUnitConceptIds,5,"8840,9028",Approved UNIT_CONCEPT_IDs for the given MEASUREMENT_CONCEPT_ID
MEASUREMENT,MEASUREMENT_CONCEPT_ID,3011163,Cholesterol.total/Cholesterol in HDL [Mass Ratio] in Serum or Plasma,,,plausibleUnitConceptIds,5,"8523,8529,8554,8596,8606,-1",Approved UNIT_CONCEPT_IDs for the given MEASUREMENT_CONCEPT_ID
MEASUREMENT,MEASUREMENT_CONCEPT_ID,3044491,Cholesterol non HDL [Mass/volume] in Serum or Plasma,,,plausibleUnitConceptIds,5,"8576,8840,9028",Approved UNIT_CONCEPT_IDs for the given MEASUREMENT_CONCEPT_ID
MEASUREMENT,MEASUREMENT_CONCEPT_ID,4017361,Blood urea nitrogen measurement,,,plausibleUnitConceptIds,5,"8753,8840",Approved UNIT_CONCEPT_IDs for the given MEASUREMENT_CONCEPT_ID
MEASUREMENT,MEASUREMENT_CONCEPT_ID,3006504,Eosinophils/100 leukocytes in Blood,,,plausibleUnitConceptIds,5,8554,Approved UNIT_CONCEPT_IDs for the given MEASUREMENT_CONCEPT_ID
MEASUREMENT,MEASUREMENT_CONCEPT_ID,3000483,Glucose [Mass/volume] in Blood,,,plausibleUnitConceptIds,5,8840,Approved UNIT_CONCEPT_IDs for the given MEASUREMENT_CONCEPT_ID
MEASUREMENT,MEASUREMENT_CONCEPT_ID,3033543,Specific gravity of Urine,,,plausibleUnitConceptIds,5,"8523,-1",Approved UNIT_CONCEPT_IDs for the given MEASUREMENT_CONCEPT_ID
MEASUREMENT,MEASUREMENT_CONCEPT_ID,3045716,Anion gap in Serum or Plasma,,,plausibleUnitConceptIds,5,"8753,9557",Approved UNIT_CONCEPT_IDs for the given MEASUREMENT_CONCEPT_ID
MEASUREMENT,MEASUREMENT_CONCEPT_ID,4101713,High density lipoprotein cholesterol measurement,,,plausibleUnitConceptIds,5,"8636,8736,8753,8840",Approved UNIT_CONCEPT_IDs for the given MEASUREMENT_CONCEPT_ID
MEASUREMENT,MEASUREMENT_CONCEPT_ID,4103762,Anion gap measurement,,,plausibleUnitConceptIds,5,"8753,9557",Approved UNIT_CONCEPT_IDs for the given MEASUREMENT_CONCEPT_ID
MEASUREMENT,MEASUREMENT_CONCEPT_ID,3001008,Epithelial cells.squamous [#/area] in Urine sediment by Microscopy high power field,,,plausibleUnitConceptIds,5,"8765,8786,8889",Approved UNIT_CONCEPT_IDs for the given MEASUREMENT_CONCEPT_ID
MEASUREMENT,MEASUREMENT_CONCEPT_ID,3009744,MCHC [Mass/volume] by Automated count,,,plausibleUnitConceptIds,5,"8564,8636,8713",Approved UNIT_CONCEPT_IDs for the given MEASUREMENT_CONCEPT_ID
MEASUREMENT,MEASUREMENT_CONCEPT_ID,3013115,Eosinophils [#/volume] in Blood,,,plausibleUnitConceptIds,5,"8848,8961,9444,8784,8785",Approved UNIT_CONCEPT_IDs for the given MEASUREMENT_CONCEPT_ID
MEASUREMENT,MEASUREMENT_CONCEPT_ID,3019550,Sodium [Moles/volume] in Serum or Plasma,,,plausibleUnitConceptIds,5,"8753,9557",Approved UNIT_CONCEPT_IDs for the given MEASUREMENT_CONCEPT_ID
MEASUREMENT,MEASUREMENT_CONCEPT_ID,3020416,Erythrocytes [#/volume] in Blood by Automated count,,,plausibleUnitConceptIds,5,"44777575,8734,8815,8647,8931,8785",Approved UNIT_CONCEPT_IDs for the given MEASUREMENT_CONCEPT_ID
MEASUREMENT,MEASUREMENT_CONCEPT_ID,3035583,Leukocytes [#/area] in Urine sediment by Microscopy high power field,,,plausibleUnitConceptIds,5,"8786,8889",Approved UNIT_CONCEPT_IDs for the given MEASUREMENT_CONCEPT_ID
MEASUREMENT,MEASUREMENT_CONCEPT_ID,3035995,Alkaline phosphatase [Enzymatic activity/volume] in Serum or Plasma,,,plausibleUnitConceptIds,5,"8645,8923",Approved UNIT_CONCEPT_IDs for the given MEASUREMENT_CONCEPT_ID
MEASUREMENT,MEASUREMENT_CONCEPT_ID,3038553,Body mass index (BMI) [Ratio],,,plausibleUnitConceptIds,5,9531,Approved UNIT_CONCEPT_IDs for the given MEASUREMENT_CONCEPT_ID
MEASUREMENT,MEASUREMENT_CONCEPT_ID,35610320,Diastolic arterial pressure,,,plausibleUnitConceptIds,5,8876,Approved UNIT_CONCEPT_IDs for the given MEASUREMENT_CONCEPT_ID
MEASUREMENT,MEASUREMENT_CONCEPT_ID,3001490,Nucleated erythrocytes [#/volume] in Blood,,,plausibleUnitConceptIds,5,"8784,8848,8961,9444",Approved UNIT_CONCEPT_IDs for the given MEASUREMENT_CONCEPT_ID
MEASUREMENT,MEASUREMENT_CONCEPT_ID,4195214,Cholesterol/HDL ratio measurement,,,plausibleUnitConceptIds,5,"8523,8554,8596,-1",Approved UNIT_CONCEPT_IDs for the given MEASUREMENT_CONCEPT_ID
MEASUREMENT,MEASUREMENT_CONCEPT_ID,36306178,"Glomerular filtration rate/1.73 sq M.predicted among blacks [Volume Rate/Area] in Serum, Plasma or Blood by Creatinine-based formula (CKD-EPI)",,,plausibleUnitConceptIds,5,"720870,8795",Approved UNIT_CONCEPT_IDs for the given MEASUREMENT_CONCEPT_ID
MEASUREMENT,MEASUREMENT_CONCEPT_ID,37393850,MCHC - Mean corpuscular haemoglobin concentration,,,plausibleUnitConceptIds,5,"8636,8713,8554,8753",Approved UNIT_CONCEPT_IDs for the given MEASUREMENT_CONCEPT_ID
MEASUREMENT,MEASUREMENT_CONCEPT_ID,3004501,Glucose [Mass/volume] in Serum or Plasma,,,plausibleUnitConceptIds,5,"8840,8753",Approved UNIT_CONCEPT_IDs for the given MEASUREMENT_CONCEPT_ID
MEASUREMENT,MEASUREMENT_CONCEPT_ID,3008598,Thyroxine (T4) free [Mass/volume] in Serum or Plasma,,,plausibleUnitConceptIds,5,"8817,8845,8725",Approved UNIT_CONCEPT_IDs for the given MEASUREMENT_CONCEPT_ID
MEASUREMENT,MEASUREMENT_CONCEPT_ID,3018010,Neutrophils/100 leukocytes in Blood,,,plausibleUnitConceptIds,5,"8554,-1",Approved UNIT_CONCEPT_IDs for the given MEASUREMENT_CONCEPT_ID
MEASUREMENT,MEASUREMENT_CONCEPT_ID,3022192,Triglyceride [Mass/volume] in Serum or Plasma,,,plausibleUnitConceptIds,5,"8840,8753",Approved UNIT_CONCEPT_IDs for the given MEASUREMENT_CONCEPT_ID
MEASUREMENT,MEASUREMENT_CONCEPT_ID,4151768,Pack years,,,plausibleUnitConceptIds,5,"9448,-1",Approved UNIT_CONCEPT_IDs for the given MEASUREMENT_CONCEPT_ID
MEASUREMENT,MEASUREMENT_CONCEPT_ID,4197602,Serum TSH measurement,,,plausibleUnitConceptIds,5,"8719,9040,9093,44777578,8750,8923,44777583",Approved UNIT_CONCEPT_IDs for the given MEASUREMENT_CONCEPT_ID
MEASUREMENT,MEASUREMENT_CONCEPT_ID,46236952,"Glomerular filtration rate/1.73 sq M.predicted [Volume Rate/Area] in Serum, Plasma or Blood by Creatinine-based formula (MDRD)",,,plausibleUnitConceptIds,5,"720870,8795",Approved UNIT_CONCEPT_IDs for the given MEASUREMENT_CONCEPT_ID
MEASUREMENT,MEASUREMENT_CONCEPT_ID,3006906,Calcium [Mass/volume] in Serum or Plasma,,,plausibleUnitConceptIds,5,8840,Approved UNIT_CONCEPT_IDs for the given MEASUREMENT_CONCEPT_ID
MEASUREMENT,MEASUREMENT_CONCEPT_ID,3007070,Cholesterol in HDL [Mass/volume] in Serum or Plasma,,,plausibleUnitConceptIds,5,8840,Approved UNIT_CONCEPT_IDs for the given MEASUREMENT_CONCEPT_ID
MEASUREMENT,MEASUREMENT_CONCEPT_ID,3020460,C reactive protein [Mass/volume] in Serum or Plasma,,,plausibleUnitConceptIds,5,"8751,8840",Approved UNIT_CONCEPT_IDs for the given MEASUREMENT_CONCEPT_ID
MEASUREMENT,MEASUREMENT_CONCEPT_ID,3023314,Hematocrit [Volume Fraction] of Blood by Automated count,,,plausibleUnitConceptIds,5,"44777604,8554",Approved UNIT_CONCEPT_IDs for the given MEASUREMENT_CONCEPT_ID
MEASUREMENT,MEASUREMENT_CONCEPT_ID,3035941,MCH [Entitic mass],,,plausibleUnitConceptIds,5,"8564,9655",Approved UNIT_CONCEPT_IDs for the given MEASUREMENT_CONCEPT_ID
MEASUREMENT,MEASUREMENT_CONCEPT_ID,3037072,Urobilinogen [Mass/volume] in Urine by Test strip,,,plausibleUnitConceptIds,5,8840,Approved UNIT_CONCEPT_IDs for the given MEASUREMENT_CONCEPT_ID
MEASUREMENT,MEASUREMENT_CONCEPT_ID,4151358,Hematocrit determination,,,plausibleUnitConceptIds,5,"44777604,8554,8523",Approved UNIT_CONCEPT_IDs for the given MEASUREMENT_CONCEPT_ID
MEASUREMENT,MEASUREMENT_CONCEPT_ID,4194332,Monocyte count,,,plausibleUnitConceptIds,5,"8784,8848,8961,9444",Approved UNIT_CONCEPT_IDs for the given MEASUREMENT_CONCEPT_ID
MEASUREMENT,MEASUREMENT_CONCEPT_ID,3001123,Platelet mean volume [Entitic volume] in Blood,,,plausibleUnitConceptIds,5,8583,Approved UNIT_CONCEPT_IDs for the given MEASUREMENT_CONCEPT_ID
MEASUREMENT,MEASUREMENT_CONCEPT_ID,3012888,Diastolic blood pressure,,,plausibleUnitConceptIds,5,8876,Approved UNIT_CONCEPT_IDs for the given MEASUREMENT_CONCEPT_ID
MEASUREMENT,MEASUREMENT_CONCEPT_ID,3013707,Erythrocyte sedimentation rate by Westergren method,,,plausibleUnitConceptIds,5,8752,Approved UNIT_CONCEPT_IDs for the given MEASUREMENT_CONCEPT_ID
MEASUREMENT,MEASUREMENT_CONCEPT_ID,3037511,Lymphocytes/100 leukocytes in Blood by Automated count,,,plausibleUnitConceptIds,5,8554,Approved UNIT_CONCEPT_IDs for the given MEASUREMENT_CONCEPT_ID
MEASUREMENT,MEASUREMENT_CONCEPT_ID,3040168,Immature granulocytes [#/volume] in Blood,,,plausibleUnitConceptIds,5,"8848,8961,9444",Approved UNIT_CONCEPT_IDs for the given MEASUREMENT_CONCEPT_ID
MEASUREMENT,MEASUREMENT_CONCEPT_ID,4097430,Sodium measurement,,,plausibleUnitConceptIds,5,"8753,9557",Approved UNIT_CONCEPT_IDs for the given MEASUREMENT_CONCEPT_ID
MEASUREMENT,MEASUREMENT_CONCEPT_ID,3005424,Body surface area,,,plausibleUnitConceptIds,5,8617,Approved UNIT_CONCEPT_IDs for the given MEASUREMENT_CONCEPT_ID
MEASUREMENT,MEASUREMENT_CONCEPT_ID,3013603,Prostate specific Ag [Mass/volume] in Serum or Plasma,,,plausibleUnitConceptIds,5,"8748,8842",Approved UNIT_CONCEPT_IDs for the given MEASUREMENT_CONCEPT_ID
MEASUREMENT,MEASUREMENT_CONCEPT_ID,3020509,Albumin/Globulin [Mass Ratio] in Serum or Plasma,,,plausibleUnitConceptIds,5,"8523,8554,8596,-1",Approved UNIT_CONCEPT_IDs for the given MEASUREMENT_CONCEPT_ID
MEASUREMENT,MEASUREMENT_CONCEPT_ID,3036277,Body height,,,plausibleUnitConceptIds,5,"8582,9327,9330,9546",Approved UNIT_CONCEPT_IDs for the given MEASUREMENT_CONCEPT_ID
MEASUREMENT,MEASUREMENT_CONCEPT_ID,4301868,Pulse rate,,,plausibleUnitConceptIds,5,"8483,8541,8581",Approved UNIT_CONCEPT_IDs for the given MEASUREMENT_CONCEPT_ID
MEASUREMENT,MEASUREMENT_CONCEPT_ID,40762636,Body mass index (BMI) [Percentile],,,plausibleUnitConceptIds,5,8554,Approved UNIT_CONCEPT_IDs for the given MEASUREMENT_CONCEPT_ID
MEASUREMENT,MEASUREMENT_CONCEPT_ID,40765040,25-Hydroxyvitamin D3+25-Hydroxyvitamin D2 [Mass/volume] in Serum or Plasma,,,plausibleUnitConceptIds,5,"8842,8845",Approved UNIT_CONCEPT_IDs for the given MEASUREMENT_CONCEPT_ID
MEASUREMENT,MEASUREMENT_CONCEPT_ID,3024386,Platelet mean volume [Entitic volume] in Blood by Rees-Ecker,,,plausibleUnitConceptIds,5,8583,Approved UNIT_CONCEPT_IDs for the given MEASUREMENT_CONCEPT_ID
MEASUREMENT,MEASUREMENT_CONCEPT_ID,3009201,Thyrotropin [Units/volume] in Serum or Plasma,,,plausibleUnitConceptIds,5,"44777578,8719,9040,9093,8860",Approved UNIT_CONCEPT_IDs for the given MEASUREMENT_CONCEPT_ID
MEASUREMENT,MEASUREMENT_CONCEPT_ID,3024731,MCV [Entitic volume],,,plausibleUnitConceptIds,5,8583,Approved UNIT_CONCEPT_IDs for the given MEASUREMENT_CONCEPT_ID
MEASUREMENT,MEASUREMENT_CONCEPT_ID,3050479,Immature granulocytes/100 leukocytes in Blood,,,plausibleUnitConceptIds,5,"8554,-1",Approved UNIT_CONCEPT_IDs for the given MEASUREMENT_CONCEPT_ID
MEASUREMENT,MEASUREMENT_CONCEPT_ID,4012479,Low density lipoprotein cholesterol measurement,,,plausibleUnitConceptIds,5,"8636,8753,8840",Approved UNIT_CONCEPT_IDs for the given MEASUREMENT_CONCEPT_ID
MEASUREMENT,MEASUREMENT_CONCEPT_ID,4152194,Systolic blood pressure,,,plausibleUnitConceptIds,5,8876,Approved UNIT_CONCEPT_IDs for the given MEASUREMENT_CONCEPT_ID
MEASUREMENT,MEASUREMENT_CONCEPT_ID,37393840,Haematocrit,,,plausibleUnitConceptIds,5,"44777604,8523,8554,-1",Approved UNIT_CONCEPT_IDs for the given MEASUREMENT_CONCEPT_ID
MEASUREMENT,MEASUREMENT_CONCEPT_ID,3000593,Cobalamin (Vitamin B12) [Mass/volume] in Serum or Plasma,,,plausibleUnitConceptIds,5,"8845,8725",Approved UNIT_CONCEPT_IDs for the given MEASUREMENT_CONCEPT_ID
MEASUREMENT,MEASUREMENT_CONCEPT_ID,3002888,Erythrocyte distribution width [Entitic volume],,,plausibleUnitConceptIds,5,8583,Approved UNIT_CONCEPT_IDs for the given MEASUREMENT_CONCEPT_ID
MEASUREMENT,MEASUREMENT_CONCEPT_ID,3010910,Erythrocytes [#/volume] in Body fluid,,,plausibleUnitConceptIds,5,"8647,8785,8815,8931,8784,8848,9257,8888,9428",Approved UNIT_CONCEPT_IDs for the given MEASUREMENT_CONCEPT_ID
MEASUREMENT,MEASUREMENT_CONCEPT_ID,3013290,Carbon dioxide [Partial pressure] in Blood,,,plausibleUnitConceptIds,5,8876,Approved UNIT_CONCEPT_IDs for the given MEASUREMENT_CONCEPT_ID
MEASUREMENT,MEASUREMENT_CONCEPT_ID,3027970,Globulin [Mass/volume] in Serum by calculation,,,plausibleUnitConceptIds,5,"8636,8713,8950",Approved UNIT_CONCEPT_IDs for the given MEASUREMENT_CONCEPT_ID
MEASUREMENT,MEASUREMENT_CONCEPT_ID,4239408,Heart rate,,,plausibleUnitConceptIds,5,"8483,8541,8581",Approved UNIT_CONCEPT_IDs for the given MEASUREMENT_CONCEPT_ID
MEASUREMENT,MEASUREMENT_CONCEPT_ID,3010813,Leukocytes [#/volume] in Blood,,,plausibleUnitConceptIds,5,"44777588,8848,8961,9444,8647",Approved UNIT_CONCEPT_IDs for the given MEASUREMENT_CONCEPT_ID
MEASUREMENT,MEASUREMENT_CONCEPT_ID,3023103,Potassium [Moles/volume] in Serum or Plasma,,,plausibleUnitConceptIds,5,"8753,9557",Approved UNIT_CONCEPT_IDs for the given MEASUREMENT_CONCEPT_ID
MEASUREMENT,MEASUREMENT_CONCEPT_ID,4030871,Red blood cell count,,,plausibleUnitConceptIds,5,"8734,8815,8931,9444,9445",Approved UNIT_CONCEPT_IDs for the given MEASUREMENT_CONCEPT_ID
MEASUREMENT,MEASUREMENT_CONCEPT_ID,4154790,Diastolic blood pressure,,,plausibleUnitConceptIds,5,8876,Approved UNIT_CONCEPT_IDs for the given MEASUREMENT_CONCEPT_ID
MEASUREMENT,MEASUREMENT_CONCEPT_ID,4217013,Systolic arterial pressure,,,plausibleUnitConceptIds,5,8876,Approved UNIT_CONCEPT_IDs for the given MEASUREMENT_CONCEPT_ID
MEASUREMENT,MEASUREMENT_CONCEPT_ID,3001318,Cholesterol.total/Cholesterol in HDL [Percentile],,,plausibleUnitConceptIds,5,"8554,8596,-1",Approved UNIT_CONCEPT_IDs for the given MEASUREMENT_CONCEPT_ID
MEASUREMENT,MEASUREMENT_CONCEPT_ID,3004249,Systolic blood pressure,,,plausibleUnitConceptIds,5,8876,Approved UNIT_CONCEPT_IDs for the given MEASUREMENT_CONCEPT_ID
MEASUREMENT,MEASUREMENT_CONCEPT_ID,3009596,Cholesterol in VLDL [Mass/volume] in Serum or Plasma by calculation,,,plausibleUnitConceptIds,5,"8576,8840",Approved UNIT_CONCEPT_IDs for the given MEASUREMENT_CONCEPT_ID
MEASUREMENT,MEASUREMENT_CONCEPT_ID,3025315,Body weight,,,plausibleUnitConceptIds,5,"8739,9346,9373,9529",Approved UNIT_CONCEPT_IDs for the given MEASUREMENT_CONCEPT_ID
MEASUREMENT,MEASUREMENT_CONCEPT_ID,3053283,"Glomerular filtration rate/1.73 sq M.predicted among blacks [Volume Rate/Area] in Serum, Plasma or Blood by Creatinine-based formula (MDRD)",,,plausibleUnitConceptIds,5,"720870,8795",Approved UNIT_CONCEPT_IDs for the given MEASUREMENT_CONCEPT_ID
MEASUREMENT,MEASUREMENT_CONCEPT_ID,4008265,Total cholesterol measurement,,,plausibleUnitConceptIds,5,"8736,8753,8840",Approved UNIT_CONCEPT_IDs for the given MEASUREMENT_CONCEPT_ID
MEASUREMENT,MEASUREMENT_CONCEPT_ID,36303797,"Glomerular filtration rate/1.73 sq M.predicted among non-blacks [Volume Rate/Area] in Serum, Plasma or Blood by Creatinine-based formula (CKD-EPI)",,,plausibleUnitConceptIds,5,"720870,8795",Approved UNIT_CONCEPT_IDs for the given MEASUREMENT_CONCEPT_ID
MEASUREMENT,MEASUREMENT_CONCEPT_ID,37398460,Serum alkaline phosphatase level,,,plausibleUnitConceptIds,5,"32995,8645,8923",Approved UNIT_CONCEPT_IDs for the given MEASUREMENT_CONCEPT_ID
MEASUREMENT,MEASUREMENT_CONCEPT_ID,3013682,Urea nitrogen [Mass/volume] in Serum or Plasma,,,plausibleUnitConceptIds,5,8840,Approved UNIT_CONCEPT_IDs for the given MEASUREMENT_CONCEPT_ID
MEASUREMENT,MEASUREMENT_CONCEPT_ID,3026361,Erythrocytes [#/volume] in Blood,,,plausibleUnitConceptIds,5,"32706,8785,8815,8931,8784,8848,8961,9444",Approved UNIT_CONCEPT_IDs for the given MEASUREMENT_CONCEPT_ID
MEASUREMENT,MEASUREMENT_CONCEPT_ID,3027018,Heart rate,,,plausibleUnitConceptIds,5,"8483,8541,-1",Approved UNIT_CONCEPT_IDs for the given MEASUREMENT_CONCEPT_ID
MEASUREMENT,MEASUREMENT_CONCEPT_ID,4013965,"Oxygen saturation measurement, arterial",,,plausibleUnitConceptIds,5,8554,Approved UNIT_CONCEPT_IDs for the given MEASUREMENT_CONCEPT_ID
MEASUREMENT,MEASUREMENT_CONCEPT_ID,3013429,Basophils [#/volume] in Blood by Automated count,,,plausibleUnitConceptIds,5,"8784,8816,8848,8961,9436,9444,8785",Approved UNIT_CONCEPT_IDs for the given MEASUREMENT_CONCEPT_ID
MEASUREMENT,MEASUREMENT_CONCEPT_ID,3023599,MCV [Entitic volume] by Automated count,,,plausibleUnitConceptIds,5,8583,Approved UNIT_CONCEPT_IDs for the given MEASUREMENT_CONCEPT_ID
MEASUREMENT,MEASUREMENT_CONCEPT_ID,3036588,Neutrophil cytoplasmic Ab.perinuclear [Presence] in Serum,,,plausibleUnitConceptIds,5,"8525,-1",Approved UNIT_CONCEPT_IDs for the given MEASUREMENT_CONCEPT_ID
MEASUREMENT,MEASUREMENT_CONCEPT_ID,4298431,White blood cell count,,,plausibleUnitConceptIds,5,"8848,8961,9444,8784,8785",Approved UNIT_CONCEPT_IDs for the given MEASUREMENT_CONCEPT_ID
MEASUREMENT,MEASUREMENT_CONCEPT_ID,3017732,Neutrophils [#/volume] in Blood,,,plausibleUnitConceptIds,5,"8848,8961,9444",Approved UNIT_CONCEPT_IDs for the given MEASUREMENT_CONCEPT_ID
MEASUREMENT,MEASUREMENT_CONCEPT_ID,3024561,Albumin [Mass/volume] in Serum or Plasma,,,plausibleUnitConceptIds,5,"8636,8713",Approved UNIT_CONCEPT_IDs for the given MEASUREMENT_CONCEPT_ID
MEASUREMENT,MEASUREMENT_CONCEPT_ID,3034639,Hemoglobin A1c [Mass/volume] in Blood,,,plausibleUnitConceptIds,5,"8713,8840,9579,8923",Approved UNIT_CONCEPT_IDs for the given MEASUREMENT_CONCEPT_ID
MEASUREMENT,MEASUREMENT_CONCEPT_ID,3013650,Neutrophils [#/volume] in Blood by Automated count,,,plausibleUnitConceptIds,5,"8784,8848,8961,9444,8647,8785",Approved UNIT_CONCEPT_IDs for the given MEASUREMENT_CONCEPT_ID
MEASUREMENT,MEASUREMENT_CONCEPT_ID,3021886,Globulin [Mass/volume] in Serum,,,plausibleUnitConceptIds,5,"8636,8713,8950",Approved UNIT_CONCEPT_IDs for the given MEASUREMENT_CONCEPT_ID
MEASUREMENT,MEASUREMENT_CONCEPT_ID,4254663,Lymphocyte count,,,plausibleUnitConceptIds,5,"8848,9444,8961",Approved UNIT_CONCEPT_IDs for the given MEASUREMENT_CONCEPT_ID
MEASUREMENT,MEASUREMENT_CONCEPT_ID,3001420,Magnesium [Mass/volume] in Serum or Plasma,,,plausibleUnitConceptIds,5,8840,Approved UNIT_CONCEPT_IDs for the given MEASUREMENT_CONCEPT_ID
MEASUREMENT,MEASUREMENT_CONCEPT_ID,3007461,Platelets [#/volume] in Blood,,,plausibleUnitConceptIds,5,"8848,8961,9444,32706",Approved UNIT_CONCEPT_IDs for the given MEASUREMENT_CONCEPT_ID
MEASUREMENT,MEASUREMENT_CONCEPT_ID,3012030,MCH [Entitic mass] by Automated count,,,plausibleUnitConceptIds,5,"8564,8704,9655,8504,8576",Approved UNIT_CONCEPT_IDs for the given MEASUREMENT_CONCEPT_ID
MEASUREMENT,MEASUREMENT_CONCEPT_ID,40764999,"Glomerular filtration rate/1.73 sq M.predicted [Volume Rate/Area] in Serum, Plasma or Blood by Creatinine-based formula (CKD-EPI)",,,plausibleUnitConceptIds,5,"720870,8795",Approved UNIT_CONCEPT_IDs for the given MEASUREMENT_CONCEPT_ID
MEASUREMENT,MEASUREMENT_CONCEPT_ID,3008893,Testosterone [Mass/volume] in Serum or Plasma,,,plausibleUnitConceptIds,5,"8817,8842",Approved UNIT_CONCEPT_IDs for the given MEASUREMENT_CONCEPT_ID
MEASUREMENT,MEASUREMENT_CONCEPT_ID,3016723,Creatinine [Mass/volume] in Serum or Plasma,,,plausibleUnitConceptIds,5,"8840,8749",Approved UNIT_CONCEPT_IDs for the given MEASUREMENT_CONCEPT_ID
MEASUREMENT,MEASUREMENT_CONCEPT_ID,3026910,Gamma glutamyl transferase [Enzymatic activity/volume] in Serum or Plasma,,,plausibleUnitConceptIds,5,"8645,8923",Approved UNIT_CONCEPT_IDs for the given MEASUREMENT_CONCEPT_ID
MEASUREMENT,MEASUREMENT_CONCEPT_ID,3033575,Monocytes [#/volume] in Blood by Automated count,,,plausibleUnitConceptIds,5,"8784,8816,8848,8961,9436,9444,8785,8647",Approved UNIT_CONCEPT_IDs for the given MEASUREMENT_CONCEPT_ID
MEASUREMENT,MEASUREMENT_CONCEPT_ID,3041084,Immature granulocytes [#/volume] in Blood by Automated count,,,plausibleUnitConceptIds,5,"8848,8961,9444",Approved UNIT_CONCEPT_IDs for the given MEASUREMENT_CONCEPT_ID
MEASUREMENT,MEASUREMENT_CONCEPT_ID,4184637,Hemoglobin A1c measurement,,,plausibleUnitConceptIds,5,"8554,8632,8737,9579",Approved UNIT_CONCEPT_IDs for the given MEASUREMENT_CONCEPT_ID
MEASUREMENT,MEASUREMENT_CONCEPT_ID,4313591,Respiratory rate,,,plausibleUnitConceptIds,5,"8483,8541",Approved UNIT_CONCEPT_IDs for the given MEASUREMENT_CONCEPT_ID
MEASUREMENT,MEASUREMENT_CONCEPT_ID,37393851,MCV - Mean corpuscular volume,,,plausibleUnitConceptIds,5,8583,Approved UNIT_CONCEPT_IDs for the given MEASUREMENT_CONCEPT_ID
MEASUREMENT,MEASUREMENT_CONCEPT_ID,1619025,"Glomerular filtration rate/1.73 sq M.predicted [Volume Rate/Area] in Serum, Plasma or Blood by Creatinine-based formula (CKD-EPI 2021)",,,plausibleUnitConceptIds,5,"720870,8795",Approved UNIT_CONCEPT_IDs for the given MEASUREMENT_CONCEPT_ID
MEASUREMENT,MEASUREMENT_CONCEPT_ID,3013869,Basophils/100 leukocytes in Blood by Automated count,,,plausibleUnitConceptIds,5,8554,Approved UNIT_CONCEPT_IDs for the given MEASUREMENT_CONCEPT_ID
MEASUREMENT,MEASUREMENT_CONCEPT_ID,3035472,Albumin/Protein.total in Serum or Plasma,,,plausibleUnitConceptIds,5,"8554,-1",Approved UNIT_CONCEPT_IDs for the given MEASUREMENT_CONCEPT_ID
MEASUREMENT,MEASUREMENT_CONCEPT_ID,3039000,Anion gap in Blood,,,plausibleUnitConceptIds,5,"8753,9557",Approved UNIT_CONCEPT_IDs for the given MEASUREMENT_CONCEPT_ID
MEASUREMENT,MEASUREMENT_CONCEPT_ID,3000905,Leukocytes [#/volume] in Blood by Automated count,,,plausibleUnitConceptIds,5,"8816,8848,8961,9436,9444",Approved UNIT_CONCEPT_IDs for the given MEASUREMENT_CONCEPT_ID
MEASUREMENT,MEASUREMENT_CONCEPT_ID,3015632,"Carbon dioxide, total [Moles/volume] in Serum or Plasma",,,plausibleUnitConceptIds,5,"8753,9557",Approved UNIT_CONCEPT_IDs for the given MEASUREMENT_CONCEPT_ID
MEASUREMENT,MEASUREMENT_CONCEPT_ID,3032710,Calcium.ionized/Calcium.total corrected for albumin in Blood,,,plausibleUnitConceptIds,5,"8554,-1",Approved UNIT_CONCEPT_IDs for the given MEASUREMENT_CONCEPT_ID
MEASUREMENT,MEASUREMENT_CONCEPT_ID,4197971,HbA1c measurement (DCCT aligned),,,plausibleUnitConceptIds,5,"8554,8632,8737",Approved UNIT_CONCEPT_IDs for the given MEASUREMENT_CONCEPT_ID
MEASUREMENT,MEASUREMENT_CONCEPT_ID,42869452,Immature granulocytes/100 leukocytes in Blood by Automated count,,,plausibleUnitConceptIds,5,"8554,-1",Approved UNIT_CONCEPT_IDs for the given MEASUREMENT_CONCEPT_ID
MEASUREMENT,MEASUREMENT_CONCEPT_ID,3002109,Cholesterol in LDL/Cholesterol in HDL [Mass Ratio] in Serum or Plasma,,,plausibleUnitConceptIds,5,"8523,8596,8606,-1",Approved UNIT_CONCEPT_IDs for the given MEASUREMENT_CONCEPT_ID
MEASUREMENT,MEASUREMENT_CONCEPT_ID,3004327,Lymphocytes [#/volume] in Blood by Automated count,,,plausibleUnitConceptIds,5,"8784,8816,8848,8961,9436,9444,8785",Approved UNIT_CONCEPT_IDs for the given MEASUREMENT_CONCEPT_ID
MEASUREMENT,MEASUREMENT_CONCEPT_ID,3006322,Oral temperature,,,plausibleUnitConceptIds,5,"586323,9289",Approved UNIT_CONCEPT_IDs for the given MEASUREMENT_CONCEPT_ID
MEASUREMENT,MEASUREMENT_CONCEPT_ID,3008342,Neutrophils/100 leukocytes in Blood by Automated count,,,plausibleUnitConceptIds,5,8554,Approved UNIT_CONCEPT_IDs for the given MEASUREMENT_CONCEPT_ID
MEASUREMENT,MEASUREMENT_CONCEPT_ID,3020630,Protein [Mass/volume] in Serum or Plasma,,,plausibleUnitConceptIds,5,"8636,8713",Approved UNIT_CONCEPT_IDs for the given MEASUREMENT_CONCEPT_ID
MEASUREMENT,MEASUREMENT_CONCEPT_ID,3001122,Ferritin [Mass/volume] in Serum or Plasma,,,plausibleUnitConceptIds,5,"8748,8842",Approved UNIT_CONCEPT_IDs for the given MEASUREMENT_CONCEPT_ID
MEASUREMENT,MEASUREMENT_CONCEPT_ID,3009542,Hematocrit [Volume Fraction] of Blood,,,plausibleUnitConceptIds,5,8554,Approved UNIT_CONCEPT_IDs for the given MEASUREMENT_CONCEPT_ID
MEASUREMENT,MEASUREMENT_CONCEPT_ID,3010189,Epithelial cells [#/area] in Urine sediment by Microscopy high power field,,,plausibleUnitConceptIds,5,"8765,8786",Approved UNIT_CONCEPT_IDs for the given MEASUREMENT_CONCEPT_ID
MEASUREMENT,MEASUREMENT_CONCEPT_ID,3010457,Eosinophils/100 leukocytes in Blood by Automated count,,,plausibleUnitConceptIds,5,8554,Approved UNIT_CONCEPT_IDs for the given MEASUREMENT_CONCEPT_ID
MEASUREMENT,MEASUREMENT_CONCEPT_ID,4192368,Platelet mean volume determination,,,plausibleUnitConceptIds,5,8583,Approved UNIT_CONCEPT_IDs for the given MEASUREMENT_CONCEPT_ID
MEASUREMENT,MEASUREMENT_CONCEPT_ID,3014576,Chloride [Moles/volume] in Serum or Plasma,,,plausibleUnitConceptIds,5,"8753,9557",Approved UNIT_CONCEPT_IDs for the given MEASUREMENT_CONCEPT_ID
MEASUREMENT,MEASUREMENT_CONCEPT_ID,3024128,Bilirubin.total [Mass/volume] in Serum or Plasma,,,plausibleUnitConceptIds,5,"8840,8749",Approved UNIT_CONCEPT_IDs for the given MEASUREMENT_CONCEPT_ID
MEASUREMENT,MEASUREMENT_CONCEPT_ID,3018311,Urea nitrogen/Creatinine [Mass Ratio] in Serum or Plasma,,,plausibleUnitConceptIds,5,"8523,8554,8596,-1",Approved UNIT_CONCEPT_IDs for the given MEASUREMENT_CONCEPT_ID
MEASUREMENT,MEASUREMENT_CONCEPT_ID,3020891,Body temperature,,,plausibleUnitConceptIds,5,"586323,9289",Approved UNIT_CONCEPT_IDs for the given MEASUREMENT_CONCEPT_ID
MEASUREMENT,MEASUREMENT_CONCEPT_ID,3037556,Urate [Mass/volume] in Serum or Plasma,,,plausibleUnitConceptIds,5,"8840,8923",Approved UNIT_CONCEPT_IDs for the given MEASUREMENT_CONCEPT_ID
MEASUREMENT,MEASUREMENT_CONCEPT_ID,37399332,Serum TSH (thyroid stimulating hormone) level,,,plausibleUnitConceptIds,5,"44777578,9040",Approved UNIT_CONCEPT_IDs for the given MEASUREMENT_CONCEPT_ID
MEASUREMENT,MEASUREMENT_CONCEPT_ID,3011904,Phosphate [Mass/volume] in Serum or Plasma,,,plausibleUnitConceptIds,5,8840,Approved UNIT_CONCEPT_IDs for the given MEASUREMENT_CONCEPT_ID
MEASUREMENT,MEASUREMENT_CONCEPT_ID,3019897,Erythrocyte distribution width [Ratio] by Automated count,,,plausibleUnitConceptIds,5,"8554,-1",Approved UNIT_CONCEPT_IDs for the given MEASUREMENT_CONCEPT_ID
MEASUREMENT,MEASUREMENT_CONCEPT_ID,3025255,Bacteria [#/area] in Urine sediment by Microscopy high power field,,,plausibleUnitConceptIds,5,8786,Approved UNIT_CONCEPT_IDs for the given MEASUREMENT_CONCEPT_ID
MEASUREMENT,MEASUREMENT_CONCEPT_ID,4076704,High density lipoprotein measurement,,,plausibleUnitConceptIds,5,"8753,8840",Approved UNIT_CONCEPT_IDs for the given MEASUREMENT_CONCEPT_ID
MEASUREMENT,MEASUREMENT_CONCEPT_ID,4172647,Basophil count,,,plausibleUnitConceptIds,5,"8848,8961,9444,8785",Approved UNIT_CONCEPT_IDs for the given MEASUREMENT_CONCEPT_ID
MEASUREMENT,MEASUREMENT_CONCEPT_ID,37393531,Serum alanine aminotransferase level,,,plausibleUnitConceptIds,5,"32995,8645,8923",Approved UNIT_CONCEPT_IDs for the given MEASUREMENT_CONCEPT_ID
MEASUREMENT,MEASUREMENT_CONCEPT_ID,40771529,Immature granulocytes/100 leukocytes in Body fluid,,,plausibleUnitConceptIds,5,"8554,-1",Approved UNIT_CONCEPT_IDs for the given MEASUREMENT_CONCEPT_ID
MEASUREMENT,MEASUREMENT_CONCEPT_ID,3000034,Microalbumin [Mass/volume] in Urine,,,plausibleUnitConceptIds,5,"8576,8723,8751,8840,8859,8636",Approved UNIT_CONCEPT_IDs for the given MEASUREMENT_CONCEPT_ID
MEASUREMENT,MEASUREMENT_CONCEPT_ID,3035124,Erythrocytes [#/area] in Urine sediment by Microscopy high power field,,,plausibleUnitConceptIds,5,"8786,8889",Approved UNIT_CONCEPT_IDs for the given MEASUREMENT_CONCEPT_ID
MEASUREMENT,MEASUREMENT_CONCEPT_ID,3002030,Lymphocytes/100 leukocytes in Blood,,,plausibleUnitConceptIds,5,"8554,8848",Approved UNIT_CONCEPT_IDs for the given MEASUREMENT_CONCEPT_ID
MEASUREMENT,MEASUREMENT_CONCEPT_ID,3019170,Thyrotropin [Units/volume] in Serum or Plasma by Detection limit <= 0.005 mIU/L,,,plausibleUnitConceptIds,5,"44777578,8719,8860,9040,9093,9550",Approved UNIT_CONCEPT_IDs for the given MEASUREMENT_CONCEPT_ID
MEASUREMENT,MEASUREMENT_CONCEPT_ID,3020149,25-hydroxyvitamin D3 [Mass/volume] in Serum or Plasma,,,plausibleUnitConceptIds,5,8842,Approved UNIT_CONCEPT_IDs for the given MEASUREMENT_CONCEPT_ID
MEASUREMENT,MEASUREMENT_CONCEPT_ID,3022174,Leukocytes [#/volume] in Body fluid,,,plausibleUnitConceptIds,5,"8647,8784,8785,8848,8961,9257,8888",Approved UNIT_CONCEPT_IDs for the given MEASUREMENT_CONCEPT_ID
MEASUREMENT,MEASUREMENT_CONCEPT_ID,3024929,Platelets [#/volume] in Blood by Automated count,,,plausibleUnitConceptIds,5,"8816,8848,8961,9436,9444",Approved UNIT_CONCEPT_IDs for the given MEASUREMENT_CONCEPT_ID
MEASUREMENT,MEASUREMENT_CONCEPT_ID,3049187,"Glomerular filtration rate/1.73 sq M.predicted among non-blacks [Volume Rate/Area] in Serum, Plasma or Blood by Creatinine-based formula (MDRD)",,,plausibleUnitConceptIds,5,"720870,8795",Approved UNIT_CONCEPT_IDs for the given MEASUREMENT_CONCEPT_ID
MEASUREMENT,MEASUREMENT_CONCEPT_ID,37398676,Basophil count,,,plausibleUnitConceptIds,5,8848,Approved UNIT_CONCEPT_IDs for the given MEASUREMENT_CONCEPT_ID
MEASUREMENT,MEASUREMENT_CONCEPT_ID,4112223,BUN/Creatinine ratio,,,plausibleUnitConceptIds,5,"8523,8596,-1",Approved UNIT_CONCEPT_IDs for the given MEASUREMENT_CONCEPT_ID
MEASUREMENT,MEASUREMENT_CONCEPT_ID,3017250,Creatinine [Mass/volume] in Urine,,,plausibleUnitConceptIds,5,"8840,8636",Approved UNIT_CONCEPT_IDs for the given MEASUREMENT_CONCEPT_ID
MEASUREMENT,MEASUREMENT_CONCEPT_ID,4191837,Calculated LDL cholesterol level,,,plausibleUnitConceptIds,5,"8840,8753",Approved UNIT_CONCEPT_IDs for the given MEASUREMENT_CONCEPT_ID
MEASUREMENT,MEASUREMENT_CONCEPT_ID,3022096,Basophils/100 leukocytes in Blood,,,plausibleUnitConceptIds,5,8554,Approved UNIT_CONCEPT_IDs for the given MEASUREMENT_CONCEPT_ID
MEASUREMENT,MEASUREMENT_CONCEPT_ID,3034485,Albumin/Creatinine [Mass Ratio] in Urine,,,plausibleUnitConceptIds,5,"8523,8723,8838,9017,9072",Approved UNIT_CONCEPT_IDs for the given MEASUREMENT_CONCEPT_ID
MEASUREMENT,MEASUREMENT_CONCEPT_ID,44790183,Glomerular filtration rate testing,,,plausibleUnitConceptIds,5,"720870,8795",Approved UNIT_CONCEPT_IDs for the given MEASUREMENT_CONCEPT_ID
MEASUREMENT,MEASUREMENT_CONCEPT_ID,3002400,Iron [Mass/volume] in Serum or Plasma,,,plausibleUnitConceptIds,5,"8749,8837",Approved UNIT_CONCEPT_IDs for the given MEASUREMENT_CONCEPT_ID
MEASUREMENT,MEASUREMENT_CONCEPT_ID,3003338,MCHC [Mass/volume],,,plausibleUnitConceptIds,5,"8713,8753",Approved UNIT_CONCEPT_IDs for the given MEASUREMENT_CONCEPT_ID
