cdmTableName,cdmFieldName,isRequired,isRequiredThreshold,isRequiredNotes,cdmDatatype,cdmDatatypeThreshold,cdmDatatypeNotes,isPrimaryKey,isPrimaryKeyThreshold,isPrimaryKeyNotes,isForeignKey,isForeignKeyThreshold,isForeignKeyNotes,fkTableName,fkFieldName,fkDomain,fkDomainThreshold,fkDomainNotes,fkClass,fkClassThreshold,fkClassNotes,isStandardValidConcept,isStandardValidConceptThreshold,isStandardValidConceptNotes,measureValueCompleteness,measureValueCompletenessThreshold,measureValueCompletenessNotes,standardConceptRecordCompleteness,standardConceptRecordCompletenessThreshold,standardConceptRecordCompletenessNotes,sourceConceptRecordCompleteness,sourceConceptRecordCompletenessThreshold,sourceConceptRecordCompletenessNotes,sourceValueCompleteness,sourceValueCompletenessThreshold,sourceValueCompletenessNotes,standardConceptFieldName,plausibleValueLow,plausibleValueLowThreshold,plausibleValueLowNotes,plausibleValueHigh,plausibleValueHighThreshold,plausibleValueHighNotes,plausibleTemporalAfter,plausibleTemporalAfterTableName,plausibleTemporalAfterFieldName,plausibleTemporalAfterThreshold,plausibleTemporalAfterNotes,plausibleDuringLife,plausibleDuringLifeThreshold,plausibleDuringLifeNotes,plausibleStartBeforeEnd,plausibleStartBeforeEndFieldName,plausibleStartBeforeEndThreshold,plausibleStartBeforeEndNotes,plausibleAfterBirth,plausibleAfterBirthThreshold,plausibleAfterBirthNotes,plausibleBeforeDeath,plausibleBeforeDeathThreshold,plausibleBeforeDeathNotes,withinVisitDates,withinVisitDatesThreshold,withinVisitDatesNotes
PERSON,person_id,Yes,0,,integer,0,,Yes,0,,,,,,,,,,,,,,,,Yes,0,,,,,,,,,,,,,,,,,,,,,,,,,,,,,,,,,,,,,,
PERSON,gender_concept_id,Yes,0,,integer,0,,,,,Yes,0,,CONCEPT,CONCEPT_ID,Gender,0,,,,,Yes,0,,Yes,0,,Yes,5,,,,,,,,,,,,,,,,,,,,,,,,,,,,,,,,,,,
PERSON,year_of_birth,Yes,0,,integer,0,,,,,,,,,,,,,,,,,,,Yes,0,,,,,,,,,,,,1850,1,,YEAR(GETDATE())+1,1,,,,,,,,,,,,,,,,,,,,,,
PERSON,month_of_birth,,,,integer,0,,,,,,,,,,,,,,,,,,,Yes,100,,,,,,,,,,,,1,1,,12,1,,,,,,,,,,,,,,,,,,,,,,
PERSON,day_of_birth,,,,integer,0,,,,,,,,,,,,,,,,,,,Yes,100,,,,,,,,,,,,1,1,,31,1,,,,,,,,,,,,,,,,,,,,,,
PERSON,birth_datetime,,,,datetime,0,,,,,,,,,,,,,,,,,,,Yes,100,,,,,,,,,,,,'18500101',1,,"DATEADD(dd,1,GETDATE())",1,,,,,,,,,,,,,,,,,,,,,,
PERSON,race_concept_id,Yes,0,,integer,0,,,,,Yes,0,,CONCEPT,CONCEPT_ID,Race,0,,,,,Yes,0,,Yes,0,,Yes,100,,,,,,,,,,,,,,,,,,,,,,,,,,,,,,,,,,,
PERSON,ethnicity_concept_id,Yes,0,,integer,0,,,,,Yes,0,,CONCEPT,CONCEPT_ID,Ethnicity,0,,,,,Yes,0,,Yes,0,,Yes,100,,,,,,,,,,,,,,,,,,,,,,,,,,,,,,,,,,,
PERSON,location_id,,,,integer,0,,,,,Yes,0,,LOCATION,LOCATION_ID,,,,,,,,,,Yes,100,,,,,,,,,,,,,,,,,,,,,,,,,,,,,,,,,,,,,,
PERSON,provider_id,,,,integer,0,,,,,Yes,0,,PROVIDER,PROVIDER_ID,,,,,,,,,,Yes,100,,,,,,,,,,,,,,,,,,,,,,,,,,,,,,,,,,,,,,
PERSON,care_site_id,,,,integer,0,,,,,Yes,0,,CARE_SITE,CARE_SITE_ID,,,,,,,,,,Yes,100,,,,,,,,,,,,,,,,,,,,,,,,,,,,,,,,,,,,,,
PERSON,person_source_value,,,,varchar(50),0,,,,,,,,,,,,,,,,,,,Yes,100,,,,,,,,,,,,,,,,,,,,,,,,,,,,,,,,,,,,,,
PERSON,gender_source_value,,,,varchar(50),0,,,,,,,,,,,,,,,,,,,Yes,100,,,,,,,,Yes,100,,GENDER_CONCEPT_ID,,,,,,,,,,,,,,,,,,,,,,,,,,,
PERSON,gender_source_concept_id,,,,Integer,0,,,,,Yes,0,,CONCEPT,CONCEPT_ID,,,,,,,,,,Yes,100,,,,,Yes,100,,,,,,,,,,,,,,,,,,,,,,,,,,,,,,,,
PERSON,race_source_value,,,,varchar(50),0,,,,,,,,,,,,,,,,,,,Yes,100,,,,,,,,Yes,100,,RACE_CONCEPT_ID,,,,,,,,,,,,,,,,,,,,,,,,,,,
PERSON,race_source_concept_id,,,,Integer,0,,,,,Yes,0,,CONCEPT,CONCEPT_ID,,,,,,,,,,Yes,100,,,,,Yes,100,,,,,,,,,,,,,,,,,,,,,,,,,,,,,,,,
PERSON,ethnicity_source_value,,,,varchar(50),0,,,,,,,,,,,,,,,,,,,Yes,100,,,,,,,,Yes,100,,ETHNICITY_CONCEPT_ID,,,,,,,,,,,,,,,,,,,,,,,,,,,
PERSON,ethnicity_source_concept_id,,,,Integer,0,,,,,Yes,0,,CONCEPT,CONCEPT_ID,,,,,,,,,,Yes,100,,,,,Yes,100,,,,,,,,,,,,,,,,,,,,,,,,,,,,,,,,
OBSERVATION_PERIOD,observation_period_id,Yes,0,,integer,0,,Yes,0,,,,,,,,,,,,,,,,Yes,0,,,,,,,,,,,,,,,,,,,,,,,,,,,,,,,,,,,,,,
OBSERVATION_PERIOD,person_id,Yes,0,,integer,0,,,,,Yes,0,,PERSON,PERSON_ID,,,,,,,,,,Yes,0,,,,,,,,,,,,,,,,,,,,,,,,,,,,,,,,,,,,,,
OBSERVATION_PERIOD,observation_period_start_date,Yes,0,,date,0,,,,,,,,,,,,,,,,,,,Yes,0,,,,,,,,,,,,'19500101',1,,"DATEADD(dd,1,GETDATE())",1,,Yes,PERSON,BIRTH_DATETIME,1,,Yes,1,,Yes,OBSERVATION_PERIOD_END_DATE,0,,Yes,1,,Yes,1,,,,
OBSERVATION_PERIOD,observation_period_end_date,Yes,0,,date,0,,,,,,,,,,,,,,,,,,,Yes,0,,,,,,,,,,,,'19500101',1,,"DATEADD(dd,1,GETDATE())",1,,Yes,OBSERVATION_PERIOD,OBSERVATION_PERIOD_START_DATE,1,,Yes,1,,,,,,Yes,1,,Yes,1,,,,
OBSERVATION_PERIOD,period_type_concept_id,Yes,0,,Integer,0,,,,,Yes,0,,CONCEPT,CONCEPT_ID,Type Concept,0,,,,,Yes,0,,Yes,0,,Yes,0,,,,,,,,,,,,,,,,,,,,,,,,,,,,,,,,,,,
VISIT_OCCURRENCE,visit_occurrence_id,Yes,0,,integer,0,,Yes,0,,,,,,,,,,,,,,,,Yes,0,,,,,,,,,,,,,,,,,,,,,,,,,,,,,,,,,,,,,,
VISIT_OCCURRENCE,person_id,Yes,0,,integer,0,,,,,Yes,0,,PERSON,PERSON_ID,,,,,,,,,,Yes,0,,,,,,,,,,,,,,,,,,,,,,,,,,,,,,,,,,,,,,
VISIT_OCCURRENCE,visit_concept_id,Yes,0,,integer,0,,,,,Yes,0,,CONCEPT,CONCEPT_ID,Visit,0,,,,,Yes,0,,Yes,0,,Yes,0,,,,,,,,,,,,,,,,,,,,,,,,,,,,,,,,,,,
VISIT_OCCURRENCE,visit_start_date,Yes,0,,date,0,,,,,,,,,,,,,,,,,,,Yes,0,,,,,,,,,,,,'19500101',1,,"DATEADD(dd,1,GETDATE())",1,,Yes,PERSON,BIRTH_DATETIME,1,,Yes,1,,Yes,VISIT_END_DATE,1,,Yes,1,,Yes,1,,,,
VISIT_OCCURRENCE,visit_start_datetime,,,,datetime,0,,,,,,,,,,,,,,,,,,,Yes,100,,,,,,,,,,,,'19500101',1,,"DATEADD(dd,1,GETDATE())",1,,Yes,PERSON,BIRTH_DATETIME,1,,Yes,1,,Yes,VISIT_END_DATETIME,1,,Yes,1,,Yes,1,,,,
VISIT_OCCURRENCE,visit_end_date,Yes,0,,date,0,,,,,,,,,,,,,,,,,,,Yes,0,,,,,,,,,,,,'19500101',1,,"DATEADD(dd,1,GETDATE())",1,,Yes,VISIT_OCCURRENCE,VISIT_START_DATE,1,,Yes,1,,,,,,Yes,1,,Yes,1,,,,
VISIT_OCCURRENCE,visit_end_datetime,,,,datetime,0,,,,,,,,,,,,,,,,,,,Yes,100,,,,,,,,,,,,'19500101',1,,"DATEADD(dd,1,GETDATE())",1,,Yes,VISIT_OCCURRENCE,VISIT_START_DATETIME,1,,Yes,1,,,,,,Yes,1,,Yes,1,,,,
VISIT_OCCURRENCE,visit_type_concept_id,Yes,0,,Integer,0,,,,,Yes,0,,CONCEPT,CONCEPT_ID,Type Concept,0,,,,,Yes,0,,Yes,0,,Yes,0,,,,,,,,,,,,,,,,,,,,,,,,,,,,,,,,,,,
VISIT_OCCURRENCE,provider_id,,,,integer,0,,,,,Yes,0,,PROVIDER,PROVIDER_ID,,,,,,,,,,Yes,100,,,,,,,,,,,,,,,,,,,,,,,,,,,,,,,,,,,,,,
VISIT_OCCURRENCE,care_site_id,,,,integer,0,,,,,Yes,0,,CARE_SITE,CARE_SITE_ID,,,,,,,,,,Yes,100,,,,,,,,,,,,,,,,,,,,,,,,,,,,,,,,,,,,,,
VISIT_OCCURRENCE,visit_source_value,,,,varchar(50),0,,,,,,,,,,,,,,,,,,,Yes,100,,,,,,,,Yes,10,,VISIT_CONCEPT_ID,,,,,,,,,,,,,,,,,,,,,,,,,,,
VISIT_OCCURRENCE,visit_source_concept_id,,,,integer,0,,,,,Yes,0,,CONCEPT,CONCEPT_ID,,,,,,,,,,Yes,100,,,,,Yes,100,,,,,,,,,,,,,,,,,,,,,,,,,,,,,,,,
VISIT_OCCURRENCE,admitting_source_concept_id,,,,integer,0,,,,,Yes,0,,CONCEPT,CONCEPT_ID,Visit,0,,,,,Yes,0,,Yes,100,,Yes,100,,,,,,,,,,,,,,,,,,,,,,,,,,,,,,,,,,,
VISIT_OCCURRENCE,admitting_source_value,,,,varchar(50),0,,,,,,,,,,,,,,,,,,,Yes,100,,,,,,,,Yes,100,,ADMITTING_SOURCE_CONCEPT_ID,,,,,,,,,,,,,,,,,,,,,,,,,,,
VISIT_OCCURRENCE,discharge_to_concept_id,,,,integer,0,,,,,Yes,0,,CONCEPT,CONCEPT_ID,Visit,0,,,,,Yes,0,,Yes,100,,Yes,100,,,,,,,,,,,,,,,,,,,,,,,,,,,,,,,,,,,
VISIT_OCCURRENCE,discharge_to_source_value,,,,varchar(50),0,,,,,,,,,,,,,,,,,,,Yes,100,,,,,,,,Yes,100,,DISCHARGE_TO_CONCEPT_ID,,,,,,,,,,,,,,,,,,,,,,,,,,,
VISIT_OCCURRENCE,preceding_visit_occurrence_id,,,,integer,0,,,,,Yes,0,,VISIT_OCCURRENCE,VISIT_OCCURRENCE_ID,,,,,,,,,,Yes,100,,,,,,,,,,,,,,,,,,,,,,,,,,,,,,,,,,,,,,
CONDITION_OCCURRENCE,condition_occurrence_id,Yes,0,,integer,0,,Yes,0,,,,,,,,,,,,,,,,Yes,0,,,,,,,,,,,,,,,,,,,,,,,,,,,,,,,,,,,,,,
CONDITION_OCCURRENCE,person_id,Yes,0,,integer,0,,,,,Yes,0,,PERSON,PERSON_ID,,,,,,,,,,Yes,0,,,,,,,,,,,,,,,,,,,,,,,,,,,,,,,,,,,,,,
CONDITION_OCCURRENCE,condition_concept_id,Yes,0,,integer,0,,,,,Yes,0,,CONCEPT,CONCEPT_ID,Condition,0,,,,,Yes,0,,Yes,0,,Yes,5,,,,,,,,,,,,,,,,,,,,,,,,,,,,,,,,,,,
CONDITION_OCCURRENCE,condition_start_date,Yes,0,,date,0,,,,,,,,,,,,,,,,,,,Yes,0,,,,,,,,,,,,'19500101',1,,"DATEADD(dd,1,GETDATE())",1,,Yes,PERSON,BIRTH_DATETIME,1,,Yes,1,,Yes,CONDITION_END_DATE,1,,Yes,1,,Yes,1,,Yes,5,
CONDITION_OCCURRENCE,condition_start_datetime,,,,datetime,0,,,,,,,,,,,,,,,,,,,Yes,100,,,,,,,,,,,,'19500101',1,,"DATEADD(dd,1,GETDATE())",1,,Yes,PERSON,BIRTH_DATETIME,1,,Yes,1,,Yes,CONDITION_END_DATETIME,1,,Yes,1,,Yes,1,,,,
CONDITION_OCCURRENCE,condition_end_date,,,,date,0,,,,,,,,,,,,,,,,,,,Yes,100,,,,,,,,,,,,'19500101',1,,"DATEADD(dd,1,GETDATE())",1,,Yes,CONDITION_OCCURRENCE,CONDITION_START_DATE,1,,Yes,1,,,,,,Yes,1,,Yes,1,,,,
CONDITION_OCCURRENCE,condition_end_datetime,,,,datetime,0,,,,,,,,,,,,,,,,,,,Yes,100,,,,,,,,,,,,'19500101',1,,"DATEADD(dd,1,GETDATE())",1,,Yes,CONDITION_OCCURRENCE,CONDITION_START_DATETIME,1,,Yes,1,,,,,,Yes,1,,Yes,1,,,,
CONDITION_OCCURRENCE,condition_type_concept_id,Yes,0,,integer,0,,,,,Yes,0,,CONCEPT,CONCEPT_ID,Type Concept,0,,,,,Yes,0,,Yes,0,,Yes,0,,,,,,,,,,,,,,,,,,,,,,,,,,,,,,,,,,,
CONDITION_OCCURRENCE,condition_status_concept_id,,,,integer,0,,,,,Yes,0,,CONCEPT,CONCEPT_ID,,,,,,,Yes,0,,Yes,100,,Yes,100,,,,,,,,,,,,,,,,,,,,,,,,,,,,,,,,,,,
CONDITION_OCCURRENCE,stop_reason,,,,varchar(20),0,,,,,,,,,,,,,,,,,,,Yes,100,,,,,,,,,,,,,,,,,,,,,,,,,,,,,,,,,,,,,,
CONDITION_OCCURRENCE,provider_id,,,,integer,0,,,,,Yes,0,,PROVIDER,PROVIDER_ID,,,,,,,,,,Yes,100,,,,,,,,,,,,,,,,,,,,,,,,,,,,,,,,,,,,,,
CONDITION_OCCURRENCE,visit_occurrence_id,,,,integer,0,,,,,Yes,0,,VISIT_OCCURRENCE,VISIT_OCCURRENCE_ID,,,,,,,,,,Yes,100,,,,,,,,,,,,,,,,,,,,,,,,,,,,,,,,,,,,,,
CONDITION_OCCURRENCE,visit_detail_id,,,,integer,0,,,,,Yes,0,,VISIT_DETAIL,VISIT_DETAIL_ID,,,,,,,,,,Yes,100,,,,,,,,,,,,,,,,,,,,,,,,,,,,,,,,,,,,,,
CONDITION_OCCURRENCE,condition_source_value,,,,varchar(50),0,,,,,,,,,,,,,,,,,,,Yes,100,,,,,,,,Yes,10,,CONDITION_CONCEPT_ID,,,,,,,,,,,,,,,,,,,,,,,,,,,
CONDITION_OCCURRENCE,condition_source_concept_id,,,,integer,0,,,,,Yes,0,,CONCEPT,CONCEPT_ID,,,,,,,,,,Yes,100,,,,,Yes,10,,,,,,,,,,,,,,,,,,,,,,,,,,,,,,,,
CONDITION_OCCURRENCE,condition_status_source_value,,,,varchar(50),0,,,,,,,,,,,,,,,,,,,Yes,100,,,,,,,,Yes,100,,CONDITION_STATUS_CONCEPT_ID,,,,,,,,,,,,,,,,,,,,,,,,,,,
DRUG_EXPOSURE,drug_exposure_id,Yes,0,,integer,0,,Yes,0,,,,,,,,,,,,,,,,Yes,0,,,,,,,,,,,,,,,,,,,,,,,,,,,,,,,,,,,,,,
DRUG_EXPOSURE,person_id,Yes,0,,integer,0,,,,,Yes,0,,PERSON,PERSON_ID,,,,,,,,,,Yes,0,,,,,,,,,,,,,,,,,,,,,,,,,,,,,,,,,,,,,,
DRUG_EXPOSURE,drug_concept_id,Yes,0,,integer,0,,,,,Yes,0,,CONCEPT,CONCEPT_ID,Drug,0,,,,,Yes,0,,Yes,0,,Yes,5,,,,,,,,,,,,,,,,,,,,,,,,,,,,,,,,,,,
DRUG_EXPOSURE,drug_exposure_start_date,Yes,0,,date,0,,,,,,,,,,,,,,,,,,,Yes,0,,,,,,,,,,,,'19500101',1,,"DATEADD(dd,1,GETDATE())",1,,Yes,PERSON,BIRTH_DATETIME,1,,Yes,1,,Yes,DRUG_EXPOSURE_END_DATE,1,,Yes,1,,Yes,1,,Yes,5,
DRUG_EXPOSURE,drug_exposure_start_datetime,,,,datetime,0,,,,,,,,,,,,,,,,,,,Yes,100,,,,,,,,,,,,'19500101',1,,"DATEADD(dd,1,GETDATE())",1,,Yes,PERSON,BIRTH_DATETIME,1,,Yes,1,,Yes,DRUG_EXPOSURE_END_DATETIME,1,,Yes,1,,Yes,1,,,,
DRUG_EXPOSURE,drug_exposure_end_date,Yes,0,,date,0,,,,,,,,,,,,,,,,,,,Yes,0,,,,,,,,,,,,'19500101',1,,"DATEADD(dd,1,GETDATE())",1,,Yes,DRUG_EXPOSURE,DRUG_EXPOSURE_START_DATE,1,,Yes,1,,,,,,Yes,1,,Yes,1,,,,
DRUG_EXPOSURE,drug_exposure_end_datetime,,,,datetime,0,,,,,,,,,,,,,,,,,,,Yes,100,,,,,,,,,,,,'19500101',1,,"DATEADD(dd,1,GETDATE())",1,,Yes,DRUG_EXPOSURE,DRUG_EXPOSURE_START_DATETIME,1,,Yes,1,,,,,,Yes,1,,Yes,1,,,,
DRUG_EXPOSURE,verbatim_end_date,,,,date,0,,,,,,,,,,,,,,,,,,,Yes,100,,,,,,,,,,,,'19500101',1,,"DATEADD(dd,1,GETDATE())",1,,Yes,DRUG_EXPOSURE,DRUG_EXPOSURE_START_DATE,1,,Yes,1,,,,,,Yes,1,,Yes,1,,,,
DRUG_EXPOSURE,drug_type_concept_id,Yes,0,,integer,0,,,,,Yes,0,,CONCEPT,CONCEPT_ID,Type Concept,0,,,,,Yes,0,,Yes,0,,Yes,0,,,,,,,,,,,,,,,,,,,,,,,,,,,,,,,,,,,
DRUG_EXPOSURE,stop_reason,,,,varchar(20),0,,,,,,,,,,,,,,,,,,,Yes,100,,,,,,,,,,,,,,,,,,,,,,,,,,,,,,,,,,,,,,
DRUG_EXPOSURE,refills,,,,integer,0,,,,,,,,,,,,,,,,,,,Yes,100,,,,,,,,,,,,0,1,,24,1,,,,,,,,,,,,,,,,,,,,,,
DRUG_EXPOSURE,quantity,,,,float,0,,,,,,,,,,,,,,,,,,,Yes,100,,,,,,,,,,,,0.0000001,1,,,,,,,,,,,,,,,,,,,,,,,,,
DRUG_EXPOSURE,days_supply,,,,integer,0,,,,,,,,,,,,,,,,,,,Yes,100,,,,,,,,,,,,1,1,,365,1,,,,,,,,,,,,,,,,,,,,,,
DRUG_EXPOSURE,sig,,,,varchar(MAX),0,,,,,,,,,,,,,,,,,,,Yes,100,,,,,,,,,,,,,,,,,,,,,,,,,,,,,,,,,,,,,,
DRUG_EXPOSURE,route_concept_id,,,,integer,0,,,,,Yes,0,,CONCEPT,CONCEPT_ID,Route,0,,,,,Yes,0,,Yes,100,,Yes,100,,,,,,,,,,,,,,,,,,,,,,,,,,,,,,,,,,,
DRUG_EXPOSURE,lot_number,,,,varchar(50),0,,,,,,,,,,,,,,,,,,,Yes,100,,,,,,,,,,,,,,,,,,,,,,,,,,,,,,,,,,,,,,
DRUG_EXPOSURE,provider_id,,,,integer,0,,,,,Yes,0,,PROVIDER,PROVIDER_ID,,,,,,,,,,Yes,100,,,,,,,,,,,,,,,,,,,,,,,,,,,,,,,,,,,,,,
DRUG_EXPOSURE,visit_occurrence_id,,,,integer,0,,,,,Yes,0,,VISIT_OCCURRENCE,VISIT_OCCURRENCE_ID,,,,,,,,,,Yes,100,,,,,,,,,,,,,,,,,,,,,,,,,,,,,,,,,,,,,,
DRUG_EXPOSURE,visit_detail_id,,,,integer,0,,,,,Yes,0,,VISIT_DETAIL,VISIT_DETAIL_ID,,,,,,,,,,Yes,100,,,,,,,,,,,,,,,,,,,,,,,,,,,,,,,,,,,,,,
DRUG_EXPOSURE,drug_source_value,,,,varchar(50),0,,,,,,,,,,,,,,,,,,,Yes,100,,,,,,,,Yes,10,,DRUG_CONCEPT_ID,,,,,,,,,,,,,,,,,,,,,,,,,,,
DRUG_EXPOSURE,drug_source_concept_id,,,,integer,0,,,,,Yes,0,,CONCEPT,CONCEPT_ID,,,,,,,,,,Yes,100,,,,,Yes,10,,,,,,,,,,,,,,,,,,,,,,,,,,,,,,,,
DRUG_EXPOSURE,route_source_value,,,,varchar(50),0,,,,,,,,,,,,,,,,,,,Yes,100,,,,,,,,Yes,100,,ROUTE_CONCEPT_ID,,,,,,,,,,,,,,,,,,,,,,,,,,,
DRUG_EXPOSURE,dose_unit_source_value,,,,varchar(50),0,,,,,,,,,,,,,,,,,,,Yes,100,,,,,,,,,,,,,,,,,,,,,,,,,,,,,,,,,,,,,,
PROCEDURE_OCCURRENCE,procedure_occurrence_id,Yes,0,,integer,0,,Yes,0,,,,,,,,,,,,,,,,Yes,0,,,,,,,,,,,,,,,,,,,,,,,,,,,,,,,,,,,,,,
PROCEDURE_OCCURRENCE,person_id,Yes,0,,integer,0,,,,,Yes,0,,PERSON,PERSON_ID,,,,,,,,,,Yes,0,,,,,,,,,,,,,,,,,,,,,,,,,,,,,,,,,,,,,,
PROCEDURE_OCCURRENCE,procedure_concept_id,Yes,0,,integer,0,,,,,Yes,0,,CONCEPT,CONCEPT_ID,Procedure,0,,,,,Yes,0,,Yes,0,,Yes,5,,,,,,,,,,,,,,,,,,,,,,,,,,,,,,,,,,,
PROCEDURE_OCCURRENCE,procedure_date,Yes,0,,date,0,,,,,,,,,,,,,,,,,,,Yes,0,,,,,,,,,,,,'19500101',1,,"DATEADD(dd,1,GETDATE())",1,,Yes,PERSON,BIRTH_DATETIME,1,,Yes,1,,,,,,Yes,1,,Yes,1,,Yes,5,
PROCEDURE_OCCURRENCE,procedure_datetime,,,,datetime,0,,,,,,,,,,,,,,,,,,,Yes,100,,,,,,,,,,,,'19500101',1,,"DATEADD(dd,1,GETDATE())",1,,Yes,PERSON,BIRTH_DATETIME,1,,Yes,1,,,,,,Yes,1,,Yes,1,,,,
PROCEDURE_OCCURRENCE,procedure_type_concept_id,Yes,0,,integer,0,,,,,Yes,0,,CONCEPT,CONCEPT_ID,Type Concept,0,,,,,Yes,0,,Yes,0,,Yes,0,,,,,,,,,,,,,,,,,,,,,,,,,,,,,,,,,,,
PROCEDURE_OCCURRENCE,modifier_concept_id,,,,integer,0,,,,,Yes,0,,CONCEPT,CONCEPT_ID,,,,,,,Yes,0,,Yes,100,,Yes,100,,,,,,,,,,,,,,,,,,,,,,,,,,,,,,,,,,,
PROCEDURE_OCCURRENCE,quantity,,,,integer,0,,,,,,,,,,,,,,,,,,,Yes,100,,,,,,,,,,,,1,1,,,,,,,,,,,,,,,,,,,,,,,,,
PROCEDURE_OCCURRENCE,provider_id,,,,integer,0,,,,,Yes,0,,PROVIDER,PROVIDER_ID,,,,,,,,,,Yes,100,,,,,,,,,,,,,,,,,,,,,,,,,,,,,,,,,,,,,,
PROCEDURE_OCCURRENCE,visit_occurrence_id,,,,integer,0,,,,,Yes,0,,VISIT_OCCURRENCE,VISIT_OCCURRENCE_ID,,,,,,,,,,Yes,100,,,,,,,,,,,,,,,,,,,,,,,,,,,,,,,,,,,,,,
PROCEDURE_OCCURRENCE,visit_detail_id,,,,integer,0,,,,,Yes,0,,VISIT_DETAIL,VISIT_DETAIL_ID,,,,,,,,,,Yes,100,,,,,,,,,,,,,,,,,,,,,,,,,,,,,,,,,,,,,,
PROCEDURE_OCCURRENCE,procedure_source_value,,,,varchar(50),0,,,,,,,,,,,,,,,,,,,Yes,100,,,,,,,,Yes,10,,PROCEDURE_CONCEPT_ID,,,,,,,,,,,,,,,,,,,,,,,,,,,
PROCEDURE_OCCURRENCE,procedure_source_concept_id,,,,integer,0,,,,,Yes,0,,CONCEPT,CONCEPT_ID,,,,,,,,,,Yes,100,,,,,Yes,10,,,,,,,,,,,,,,,,,,,,,,,,,,,,,,,,
PROCEDURE_OCCURRENCE,modifier_source_value,,,,varchar(50),0,,,,,,,,,,,,,,,,,,,Yes,100,,,,,,,,Yes,100,,MODIFIER_CONCEPT_ID,,,,,,,,,,,,,,,,,,,,,,,,,,,
DEVICE_EXPOSURE,device_exposure_id,Yes,0,,integer,0,,Yes,0,,,,,,,,,,,,,,,,Yes,0,,,,,,,,,,,,,,,,,,,,,,,,,,,,,,,,,,,,,,
DEVICE_EXPOSURE,person_id,Yes,0,,integer,0,,,,,Yes,0,,PERSON,PERSON_ID,,,,,,,,,,Yes,0,,,,,,,,,,,,,,,,,,,,,,,,,,,,,,,,,,,,,,
DEVICE_EXPOSURE,device_concept_id,Yes,0,,integer,0,,,,,Yes,0,,CONCEPT,CONCEPT_ID,Device,0,,,,,Yes,0,,Yes,0,,Yes,5,,,,,,,,,,,,,,,,,,,,,,,,,,,,,,,,,,,
DEVICE_EXPOSURE,device_exposure_start_date,Yes,0,,date,0,,,,,,,,,,,,,,,,,,,Yes,0,,,,,,,,,,,,'19500101',1,,"DATEADD(dd,1,GETDATE())",1,,Yes,PERSON,BIRTH_DATETIME,1,,Yes,1,,Yes,DEVICE_EXPOSURE_END_DATE,1,,Yes,1,,Yes,1,,Yes,5,
DEVICE_EXPOSURE,device_exposure_start_datetime,,,,datetime,0,,,,,,,,,,,,,,,,,,,Yes,100,,,,,,,,,,,,'19500101',1,,"DATEADD(dd,1,GETDATE())",1,,Yes,PERSON,BIRTH_DATETIME,1,,Yes,1,,Yes,DEVICE_EXPOSURE_END_DATETIME,1,,Yes,1,,Yes,1,,,,
DEVICE_EXPOSURE,device_exposure_end_date,,,,date,0,,,,,,,,,,,,,,,,,,,Yes,100,,,,,,,,,,,,'19500101',1,,"DATEADD(dd,1,GETDATE())",1,,Yes,DEVICE_EXPOSURE,DEVICE_EXPOSURE_START_DATE,1,,Yes,1,,,,,,Yes,1,,Yes,1,,,,
DEVICE_EXPOSURE,device_exposure_end_datetime,,,,datetime,0,,,,,,,,,,,,,,,,,,,Yes,100,,,,,,,,,,,,'19500101',1,,"DATEADD(dd,1,GETDATE())",1,,Yes,DEVICE_EXPOSURE,DEVICE_EXPOSURE_START_DATETIME,1,,Yes,1,,,,,,Yes,1,,Yes,1,,,,
DEVICE_EXPOSURE,device_type_concept_id,Yes,0,,integer,0,,,,,Yes,0,,CONCEPT,CONCEPT_ID,Type Concept,0,,,,,Yes,0,,Yes,0,,Yes,0,,,,,,,,,,,,,,,,,,,,,,,,,,,,,,,,,,,
DEVICE_EXPOSURE,unique_device_id,,,,varchar(50),0,,,,,,,,,,,,,,,,,,,Yes,100,,,,,,,,,,,,,,,,,,,,,,,,,,,,,,,,,,,,,,
DEVICE_EXPOSURE,quantity,,,,integer,0,,,,,,,,,,,,,,,,,,,Yes,100,,,,,,,,,,,,1,1,,,,,,,,,,,,,,,,,,,,,,,,,
DEVICE_EXPOSURE,provider_id,,,,integer,0,,,,,Yes,0,,PROVIDER,PROVIDER_ID,,,,,,,,,,Yes,100,,,,,,,,,,,,,,,,,,,,,,,,,,,,,,,,,,,,,,
DEVICE_EXPOSURE,visit_occurrence_id,,,,integer,0,,,,,Yes,0,,VISIT_OCCURRENCE,VISIT_OCCURRENCE_ID,,,,,,,,,,Yes,100,,,,,,,,,,,,,,,,,,,,,,,,,,,,,,,,,,,,,,
DEVICE_EXPOSURE,visit_detail_id,,,,integer,0,,,,,Yes,0,,VISIT_DETAIL,VISIT_DETAIL_ID,,,,,,,,,,Yes,100,,,,,,,,,,,,,,,,,,,,,,,,,,,,,,,,,,,,,,
DEVICE_EXPOSURE,device_source_value,,,,varchar(50),0,,,,,,,,,,,,,,,,,,,Yes,100,,,,,,,,Yes,100,,DEVICE_CONCEPT_ID,,,,,,,,,,,,,,,,,,,,,,,,,,,
DEVICE_EXPOSURE,device_source_concept_id,,,,integer,0,,,,,Yes,0,,CONCEPT,CONCEPT_ID,,,,,,,,,,Yes,100,,,,,Yes,10,,,,,,,,,,,,,,,,,,,,,,,,,,,,,,,,
MEASUREMENT,measurement_id,Yes,0,,integer,0,,Yes,0,,,,,,,,,,,,,,,,Yes,0,,,,,,,,,,,,,,,,,,,,,,,,,,,,,,,,,,,,,,
MEASUREMENT,person_id,Yes,0,,integer,0,,,,,Yes,0,,PERSON,PERSON_ID,,,,,,,,,,Yes,0,,,,,,,,,,,,,,,,,,,,,,,,,,,,,,,,,,,,,,
MEASUREMENT,measurement_concept_id,Yes,0,,integer,0,,,,,Yes,0,,CONCEPT,CONCEPT_ID,Measurement,0,,,,,Yes,0,,Yes,0,,Yes,5,,,,,,,,,,,,,,,,,,,,,,,,,,,,,,,,,,,
MEASUREMENT,measurement_date,Yes,0,,date,0,,,,,,,,,,,,,,,,,,,Yes,0,,,,,,,,,,,,'19500101',1,,"DATEADD(dd,1,GETDATE())",1,,Yes,PERSON,BIRTH_DATETIME,1,,,,,,,,,Yes,1,,Yes,1,,Yes,5,
MEASUREMENT,measurement_datetime,,,,datetime,0,,,,,,,,,,,,,,,,,,,Yes,100,,,,,,,,,,,,,,,,,,,,,,,,,,,,,,Yes,1,,Yes,1,,,,
MEASUREMENT,measurement_time,,,,varchar(10),0,,,,,,,,,,,,,,,,,,,Yes,100,,,,,,,,,,,,,,,,,,,,,,,,,,,,,,,,,,,,,,
MEASUREMENT,measurement_type_concept_id,Yes,0,,integer,0,,,,,Yes,0,,CONCEPT,CONCEPT_ID,Type Concept,0,,,,,Yes,0,,Yes,0,,Yes,0,,,,,,,,,,,,,,,,,,,,,,,,,,,,,,,,,,,
MEASUREMENT,operator_concept_id,,,,integer,0,,,,,Yes,0,,CONCEPT,CONCEPT_ID,,,,,,,Yes,0,,Yes,100,,,,,,,,,,,,,,,,,,,,,,,,,,,,,,,,,,,,,,
MEASUREMENT,value_as_number,,,,float,0,,,,,,,,,,,,,,,,,,,Yes,100,,,,,,,,,,,,,,,,,,,,,,,,,,,,,,,,,,,,,,
MEASUREMENT,value_as_concept_id,,,,integer,0,,,,,Yes,0,,CONCEPT,CONCEPT_ID,,,,,,,,,,Yes,100,,,,,,,,,,,,,,,,,,,,,,,,,,,,,,,,,,,,,,
MEASUREMENT,unit_concept_id,,,,integer,0,,,,,Yes,0,,CONCEPT,CONCEPT_ID,Unit,0,,,,,Yes,0,,Yes,100,,Yes,5,,,,,,,,,,,,,,,,,,,,,,,,,,,,,,,,,,,
MEASUREMENT,range_low,,,,float,0,,,,,,,,,,,,,,,,,,,Yes,100,,,,,,,,,,,,,,,,,,,,,,,,,,,,,,,,,,,,,,
MEASUREMENT,range_high,,,,float,0,,,,,,,,,,,,,,,,,,,Yes,100,,,,,,,,,,,,,,,,,,,,,,,,,,,,,,,,,,,,,,
MEASUREMENT,provider_id,,,,integer,0,,,,,Yes,0,,PROVIDER,PROVIDER_ID,,,,,,,,,,Yes,100,,,,,,,,,,,,,,,,,,,,,,,,,,,,,,,,,,,,,,
MEASUREMENT,visit_occurrence_id,,,,integer,0,,,,,Yes,0,,VISIT_OCCURRENCE,VISIT_OCCURRENCE_ID,,,,,,,,,,Yes,100,,,,,,,,,,,,,,,,,,,,,,,,,,,,,,,,,,,,,,
MEASUREMENT,visit_detail_id,,,,integer,0,,,,,Yes,0,,VISIT_DETAIL,VISIT_DETAIL_ID,,,,,,,,,,Yes,100,,,,,,,,,,,,,,,,,,,,,,,,,,,,,,,,,,,,,,
MEASUREMENT,measurement_source_value,,,,varchar(50),0,,,,,,,,,,,,,,,,,,,Yes,100,,,,,,,,Yes,10,,MEASUREMENT_CONCEPT_ID,,,,,,,,,,,,,,,,,,,,,,,,,,,
MEASUREMENT,measurement_source_concept_id,,,,integer,0,,,,,Yes,0,,CONCEPT,CONCEPT_ID,,,,,,,,,,Yes,100,,,,,Yes,10,,,,,,,,,,,,,,,,,,,,,,,,,,,,,,,,
MEASUREMENT,unit_source_value,,,,varchar(50),0,,,,,,,,,,,,,,,,,,,Yes,100,,,,,,,,Yes,100,,UNIT_CONCEPT_ID,,,,,,,,,,,,,,,,,,,,,,,,,,,
MEASUREMENT,value_source_value,,,,varchar(50),0,,,,,,,,,,,,,,,,,,,Yes,100,,,,,,,,,,,,,,,,,,,,,,,,,,,,,,,,,,,,,,
VISIT_DETAIL,visit_detail_id,Yes,0,,integer,0,,Yes,0,,,,,,,,,,,,,,,,Yes,0,,,,,,,,,,,,,,,,,,,,,,,,,,,,,,,,,,,,,,
VISIT_DETAIL,person_id,Yes,0,,integer,0,,,,,Yes,0,,PERSON,PERSON_ID,,,,,,,,,,Yes,0,,,,,,,,,,,,,,,,,,,,,,,,,,,,,,,,,,,,,,
VISIT_DETAIL,visit_detail_concept_id,Yes,0,,integer,0,,,,,Yes,0,,CONCEPT,CONCEPT_ID,Visit,0,,,,,Yes,0,,Yes,0,,Yes,0,,,,,,,,,,,,,,,,,,,,,,,,,,,,,,,,,,,
VISIT_DETAIL,visit_detail_start_date,Yes,0,,date,0,,,,,,,,,,,,,,,,,,,Yes,0,,,,,,,,,,,,'19500101',1,,"DATEADD(dd,1,GETDATE())",1,,Yes,PERSON,BIRTH_DATETIME,1,,Yes,1,,Yes,visit_detail_end_date,1,,Yes,1,,Yes,1,,Yes,1,
VISIT_DETAIL,visit_detail_start_datetime,,,,datetime,0,,,,,,,,,,,,,,,,,,,Yes,100,,,,,,,,,,,,'19500101',1,,"DATEADD(dd,1,GETDATE())",1,,Yes,PERSON,BIRTH_DATETIME,1,,Yes,1,,Yes,visit_detail_end_datetime,1,,Yes,1,,Yes,1,,,,
VISIT_DETAIL,visit_detail_end_date,Yes,0,,date,0,,,,,,,,,,,,,,,,,,,Yes,0,,,,,,,,,,,,'19500101',1,,"DATEADD(dd,1,GETDATE())",1,,Yes,VISIT_DETAIL,VISIT_DETAIL_START_DATE,1,,Yes,1,,,,,,Yes,1,,Yes,1,,Yes,1,
VISIT_DETAIL,visit_detail_end_datetime,,,,datetime,0,,,,,,,,,,,,,,,,,,,Yes,100,,,,,,,,,,,,'19500101',1,,"DATEADD(dd,1,GETDATE())",1,,Yes,VISIT_DETAIL,VISIT_DETAIL_START_DATETIME,1,,Yes,1,,,,,,Yes,1,,Yes,1,,,,
VISIT_DETAIL,visit_detail_type_concept_id,Yes,0,,Integer,0,,,,,Yes,0,,CONCEPT,CONCEPT_ID,Type Concept,0,,,,,Yes,0,,Yes,0,,Yes,0,,,,,,,,,,,,,,,,,,,,,,,,,,,,,,,,,,,
VISIT_DETAIL,provider_id,,,,integer,0,,,,,Yes,0,,PROVIDER,PROVIDER_ID,,,,,,,,,,Yes,100,,,,,,,,,,,,,,,,,,,,,,,,,,,,,,,,,,,,,,
VISIT_DETAIL,care_site_id,,,,integer,0,,,,,Yes,0,,CARE_SITE,CARE_SITE_ID,,,,,,,,,,Yes,100,,,,,,,,,,,,,,,,,,,,,,,,,,,,,,,,,,,,,,
VISIT_DETAIL,visit_detail_source_value,,,,string(50),0,,,,,,,,,,,,,,,,,,,Yes,100,,,,,,,,Yes,100,,VISIT_DETAIL_CONCEPT_ID,,,,,,,,,,,,,,,,,,,,,,,,,,,
VISIT_DETAIL,visit_detail_source_concept_id,,,,Integer,0,,,,,Yes,0,,CONCEPT,CONCEPT_ID,,,,,,,,,,Yes,100,,,,,Yes,100,,,,,,,,,,,,,,,,,,,,,,,,,,,,,,,,
VISIT_DETAIL,admitting_source_value,,,,Varchar(50),0,,,,,,,,,,,,,,,,,,,Yes,100,,,,,,,,Yes,100,,ADMITTING_SOURCE_CONCEPT_ID,,,,,,,,,,,,,,,,,,,,,,,,,,,
VISIT_DETAIL,admitting_source_concept_id,,,,Integer,0,,,,,Yes,0,,CONCEPT,CONCEPT_ID,,,,,,,Yes,0,,Yes,100,,Yes,100,,Yes,100,,,,,,,,,,,,,,,,,,,,,,,,,,,,,,,,
VISIT_DETAIL,discharge_to_source_value,,,,Varchar(50),0,,,,,,,,,,,,,,,,,,,Yes,100,,,,,,,,Yes,100,,DISCHARGE_TO_CONCEPT_ID,,,,,,,,,,,,,,,,,,,,,,,,,,,
VISIT_DETAIL,discharge_to_concept_id,,,,Integer,0,,,,,Yes,0,,CONCEPT,CONCEPT_ID,,,,,,,Yes,0,,Yes,100,,Yes,100,,,,,,,,,,,,,,,,,,,,,,,,,,,,,,,,,,,
VISIT_DETAIL,preceding_visit_detail_id,,,,Integer,0,,,,,Yes,0,,VISIT_DETAIL,VISIT_DETAIL_ID,,,,,,,,,,Yes,100,,,,,,,,,,,,,,,,,,,,,,,,,,,,,,,,,,,,,,
VISIT_DETAIL,visit_detail_parent_id,,,,Integer,0,,,,,Yes,0,,VISIT_DETAIL,VISIT_DETAIL_ID,,,,,,,,,,Yes,100,,,,,,,,,,,,,,,,,,,,,,,,,,,,,,,,,,,,,,
VISIT_DETAIL,visit_occurrence_id,Yes,0,,Integer,0,,,,,Yes,0,,VISIT_OCCURRENCE,VISIT_OCCURRENCE_ID,,,,,,,,,,Yes,0,,,,,,,,,,,,,,,,,,,,,,,,,,,,,,,,,,,,,,
NOTE,note_id,Yes,0,,integer,0,,Yes,0,,,,,,,,,,,,,,,,Yes,0,,,,,,,,,,,,,,,,,,,,,,,,,,,,,,,,,,,,,,
NOTE,person_id,Yes,0,,integer,0,,,,,Yes,0,,PERSON,PERSON_ID,,,,,,,,,,Yes,0,,,,,,,,,,,,,,,,,,,,,,,,,,,,,,,,,,,,,,
NOTE,note_date,Yes,0,,date,0,,,,,,,,,,,,,,,,,,,Yes,0,,,,,,,,,,,,'19500101',1,,"DATEADD(dd,1,GETDATE())",1,,Yes,PERSON,BIRTH_DATETIME,1,,,,,,,,,Yes,1,,Yes,1,,Yes,5,
NOTE,note_datetime,,,,datetime,0,,,,,,,,,,,,,,,,,,,Yes,100,,,,,,,,,,,,'19500101',1,,"DATEADD(dd,1,GETDATE())",1,,Yes,PERSON,BIRTH_DATETIME,1,,,,,,,,,Yes,1,,Yes,1,,,,
NOTE,note_type_concept_id,Yes,0,,integer,0,,,,,Yes,0,,CONCEPT,CONCEPT_ID,Type Concept,0,,,,,Yes,0,,Yes,0,,,,,,,,,,,,,,,,,,,,,,,,,,,,,,,,,,,,,,
NOTE,note_class_concept_id,Yes,0,,integer,0,,,,,Yes,0,,CONCEPT,CONCEPT_ID,,,,,,,Yes,0,,Yes,0,,,,,,,,,,,,,,,,,,,,,,,,,,,,,,,,,,,,,,
NOTE,note_title,,,,varchar(250),0,,,,,,,,,,,,,,,,,,,Yes,100,,,,,,,,,,,,,,,,,,,,,,,,,,,,,,,,,,,,,,
NOTE,note_text,Yes,0,,varchar(MAX),0,,,,,,,,,,,,,,,,,,,Yes,0,,,,,,,,,,,,,,,,,,,,,,,,,,,,,,,,,,,,,,
NOTE,encoding_concept_id,Yes,0,,integer,0,,,,,Yes,0,,CONCEPT,CONCEPT_ID,,,,,,,Yes,0,,Yes,0,,,,,,,,,,,,,,,,,,,,,,,,,,,,,,,,,,,,,,
NOTE,language_concept_id,Yes,0,,integer,0,,,,,Yes,0,,CONCEPT,CONCEPT_ID,,,,,,,Yes,0,,Yes,0,,,,,,,,,,,,,,,,,,,,,,,,,,,,,,,,,,,,,,
NOTE,provider_id,,,,integer,0,,,,,Yes,0,,PROVIDER,PROVIDER_ID,,,,,,,,,,Yes,100,,,,,,,,,,,,,,,,,,,,,,,,,,,,,,,,,,,,,,
NOTE,visit_occurrence_id,,,,integer,0,,,,,Yes,0,,VISIT_OCCURRENCE,VISIT_OCCURRENCE_ID,,,,,,,,,,Yes,100,,,,,,,,,,,,,,,,,,,,,,,,,,,,,,,,,,,,,,
NOTE,visit_detail_id,,,,integer,0,,,,,Yes,0,,VISIT_DETAIL,VISIT_DETAIL_ID,,,,,,,,,,Yes,100,,,,,,,,,,,,,,,,,,,,,,,,,,,,,,,,,,,,,,
NOTE,note_source_value,,,,varchar(50),0,,,,,,,,,,,,,,,,,,,Yes,100,,,,,,,,,,,,,,,,,,,,,,,,,,,,,,,,,,,,,,
NOTE_NLP,note_nlp_id,Yes,0,,integer,0,,Yes,0,,,,,,,,,,,,,,,,Yes,0,,,,,,,,,,,,,,,,,,,,,,,,,,,,,,,,,,,,,,
NOTE_NLP,note_id,Yes,0,,integer,0,,,,,Yes,0,,NOTE,NOTE_ID,,,,,,,,,,Yes,0,,,,,,,,,,,,,,,,,,,,,,,,,,,,,,,,,,,,,,
NOTE_NLP,section_concept_id,,,,integer,0,,,,,Yes,0,,CONCEPT,CONCEPT_ID,,,,,,,Yes,0,,Yes,100,,,,,,,,,,,,,,,,,,,,,,,,,,,,,,,,,,,,,,
NOTE_NLP,snippet,,,,varchar(250),0,,,,,,,,,,,,,,,,,,,Yes,100,,,,,,,,,,,,,,,,,,,,,,,,,,,,,,,,,,,,,,
NOTE_NLP,offset,,,,varchar(50),0,,,,,,,,,,,,,,,,,,,Yes,100,,,,,,,,,,,,,,,,,,,,,,,,,,,,,,,,,,,,,,
NOTE_NLP,lexical_variant,Yes,0,,varchar(250),0,,,,,,,,,,,,,,,,,,,Yes,0,,,,,,,,,,,,,,,,,,,,,,,,,,,,,,,,,,,,,,
NOTE_NLP,note_nlp_concept_id,,,,integer,0,,,,,Yes,0,,CONCEPT,CONCEPT_ID,,,,,,,Yes,0,,Yes,100,,,,,,,,,,,,,,,,,,,,,,,,,,,,,,,,,,,,,,
NOTE_NLP,note_nlp_source_concept_id,,,,integer,0,,,,,Yes,0,,CONCEPT,CONCEPT_ID,,,,,,,,,,Yes,100,,,,,,,,,,,,,,,,,,,,,,,,,,,,,,,,,,,,,,
NOTE_NLP,nlp_system,,,,varchar(250),0,,,,,,,,,,,,,,,,,,,Yes,100,,,,,,,,,,,,,,,,,,,,,,,,,,,,,,,,,,,,,,
NOTE_NLP,nlp_date,Yes,0,,date,0,,,,,,,,,,,,,,,,,,,Yes,0,,,,,,,,,,,,,,,,,,,,,,,,,,,,,,,,,,,,,,
NOTE_NLP,nlp_datetime,,,,datetime,0,,,,,,,,,,,,,,,,,,,Yes,100,,,,,,,,,,,,'19500101',1,,"DATEADD(dd,1,GETDATE())",1,,,,,,,,,,,,,,,,,,,,,,
NOTE_NLP,term_exists,,,,varchar(1),0,,,,,,,,,,,,,,,,,,,Yes,100,,,,,,,,,,,,,,,,,,,,,,,,,,,,,,,,,,,,,,
NOTE_NLP,term_temporal,,,,varchar(50),0,,,,,,,,,,,,,,,,,,,Yes,100,,,,,,,,,,,,,,,,,,,,,,,,,,,,,,,,,,,,,,
NOTE_NLP,term_modifiers,,,,varchar(2000),0,,,,,,,,,,,,,,,,,,,Yes,100,,,,,,,,,,,,,,,,,,,,,,,,,,,,,,,,,,,,,,
OBSERVATION,observation_id,Yes,0,,integer,0,,Yes,0,,,,,,,,,,,,,,,,Yes,0,,,,,,,,,,,,,,,,,,,,,,,,,,,,,,,,,,,,,,
OBSERVATION,person_id,Yes,0,,integer,0,,,,,Yes,0,,PERSON,PERSON_ID,,,,,,,,,,Yes,0,,,,,,,,,,,,,,,,,,,,,,,,,,,,,,,,,,,,,,
OBSERVATION,observation_concept_id,Yes,0,,integer,0,,,,,Yes,0,,CONCEPT,CONCEPT_ID,,,,,,,Yes,0,,Yes,0,,Yes,5,,,,,,,,,,,,,,,,,,,,,,,,,,,,,,,,,,,
OBSERVATION,observation_date,Yes,0,,date,0,,,,,,,,,,,,,,,,,,,Yes,0,,,,,,,,,,,,'19500101',1,,"DATEADD(dd,1,GETDATE())",1,,Yes,PERSON,BIRTH_DATETIME,1,,,,,,,,,Yes,1,,Yes,1,,Yes,5,
OBSERVATION,observation_datetime,,,,datetime,0,,,,,,,,,,,,,,,,,,,Yes,100,,,,,,,,,,,,'19500101',1,,"DATEADD(dd,1,GETDATE())",1,,Yes,PERSON,BIRTH_DATETIME,1,,,,,,,,,Yes,1,,Yes,1,,,,
OBSERVATION,observation_type_concept_id,Yes,0,,integer,0,,,,,Yes,0,,CONCEPT,CONCEPT_ID,Type Concept,0,,,,,Yes,0,,Yes,0,,Yes,0,,,,,,,,,,,,,,,,,,,,,,,,,,,,,,,,,,,
OBSERVATION,value_as_number,,,,float,0,,,,,,,,,,,,,,,,,,,Yes,100,,,,,,,,,,,,,,,,,,,,,,,,,,,,,,,,,,,,,,
OBSERVATION,value_as_string,,,,varchar(60),0,,,,,,,,,,,,,,,,,,,Yes,100,,,,,,,,,,,,,,,,,,,,,,,,,,,,,,,,,,,,,,
OBSERVATION,value_as_concept_id,,,,Integer,0,,,,,Yes,0,,CONCEPT,CONCEPT_ID,,,,,,,,,,Yes,100,,,,,,,,,,,,,,,,,,,,,,,,,,,,,,,,,,,,,,
OBSERVATION,qualifier_concept_id,,,,integer,0,,,,,Yes,0,,CONCEPT,CONCEPT_ID,,,,,,,Yes,0,,Yes,100,,,,,,,,,,,,,,,,,,,,,,,,,,,,,,,,,,,,,,
OBSERVATION,unit_concept_id,,,,integer,0,,,,,Yes,0,,CONCEPT,CONCEPT_ID,Unit,0,,,,,Yes,0,,Yes,100,,Yes,5,,,,,,,,,,,,,,,,,,,,,,,,,,,,,,,,,,,
OBSERVATION,provider_id,,,,integer,0,,,,,Yes,0,,PROVIDER,PROVIDER_ID,,,,,,,,,,Yes,100,,,,,,,,,,,,,,,,,,,,,,,,,,,,,,,,,,,,,,
OBSERVATION,visit_occurrence_id,,,,integer,0,,,,,Yes,0,,VISIT_OCCURRENCE,VISIT_OCCURRENCE_ID,,,,,,,,,,Yes,100,,,,,,,,,,,,,,,,,,,,,,,,,,,,,,,,,,,,,,
OBSERVATION,visit_detail_id,,,,integer,0,,,,,Yes,0,,VISIT_DETAIL,VISIT_DETAIL_ID,,,,,,,,,,Yes,100,,,,,,,,,,,,,,,,,,,,,,,,,,,,,,,,,,,,,,
OBSERVATION,observation_source_value,,,,varchar(50),0,,,,,,,,,,,,,,,,,,,Yes,100,,,,,,,,Yes,100,,OBSERVATION_CONCEPT_ID,,,,,,,,,,,,,,,,,,,,,,,,,,,
OBSERVATION,observation_source_concept_id,,,,integer,0,,,,,Yes,0,,CONCEPT,CONCEPT_ID,,,,,,,,,,Yes,100,,,,,Yes,10,,,,,,,,,,,,,,,,,,,,,,,,,,,,,,,,
OBSERVATION,unit_source_value,,,,varchar(50),0,,,,,,,,,,,,,,,,,,,Yes,100,,,,,,,,Yes,100,,UNIT_CONCEPT_ID,,,,,,,,,,,,,,,,,,,,,,,,,,,
OBSERVATION,qualifier_source_value,,,,varchar(50),0,,,,,,,,,,,,,,,,,,,Yes,100,,,,,,,,Yes,100,,QUALIFIER_CONCEPT_ID,,,,,,,,,,,,,,,,,,,,,,,,,,,
SPECIMEN,specimen_id,Yes,0,,integer,0,,Yes,0,,,,,,,,,,,,,,,,Yes,0,,,,,,,,,,,,,,,,,,,,,,,,,,,,,,,,,,,,,,
SPECIMEN,person_id,Yes,0,,integer,0,,,,,Yes,0,,PERSON,PERSON_ID,,,,,,,,,,Yes,0,,,,,,,,,,,,,,,,,,,,,,,,,,,,,,,,,,,,,,
SPECIMEN,specimen_concept_id,Yes,0,,integer,0,,,,,Yes,0,,CONCEPT,CONCEPT_ID,,,,,,,Yes,0,,Yes,0,,Yes,5,,,,,,,,,,,,,,,,,,,,,,,,,,,,,,,,,,,
SPECIMEN,specimen_type_concept_id,Yes,0,,integer,0,,,,,Yes,0,,CONCEPT,CONCEPT_ID,Type Concept,0,,,,,Yes,0,,Yes,0,,Yes,0,,,,,,,,,,,,,,,,,,,,,,,,,,,,,,,,,,,
SPECIMEN,specimen_date,Yes,0,,date,0,,,,,,,,,,,,,,,,,,,Yes,0,,,,,,,,,,,,'19500101',1,,"DATEADD(dd,1,GETDATE())",1,,Yes,PERSON,BIRTH_DATETIME,1,,,,,,,,,Yes,1,,Yes,1,,,,
SPECIMEN,specimen_datetime,,,,datetime,0,,,,,,,,,,,,,,,,,,,Yes,100,,,,,,,,,,,,'19500101',1,,"DATEADD(dd,1,GETDATE())",1,,Yes,PERSON,BIRTH_DATETIME,1,,,,,,,,,Yes,1,,Yes,1,,,,
SPECIMEN,quantity,,,,float,0,,,,,,,,,,,,,,,,,,,Yes,100,,,,,,,,,,,,0,1,,,,,,,,,,,,,,,,,,,,,,,,,
SPECIMEN,unit_concept_id,,,,integer,0,,,,,Yes,0,,CONCEPT,CONCEPT_ID,,,,,,,Yes,0,,Yes,100,,Yes,5,,,,,,,,,,,,,,,,,,,,,,,,,,,,,,,,,,,
SPECIMEN,anatomic_site_concept_id,,,,integer,0,,,,,Yes,0,,CONCEPT,CONCEPT_ID,,,,,,,Yes,0,,Yes,100,,,,,,,,,,,,,,,,,,,,,,,,,,,,,,,,,,,,,,
SPECIMEN,disease_status_concept_id,,,,integer,0,,,,,Yes,0,,CONCEPT,CONCEPT_ID,,,,,,,Yes,0,,Yes,100,,,,,,,,,,,,,,,,,,,,,,,,,,,,,,,,,,,,,,
SPECIMEN,specimen_source_id,,,,varchar(50),0,,,,,,,,,,,,,,,,,,,Yes,100,,,,,,,,,,,,,,,,,,,,,,,,,,,,,,,,,,,,,,
SPECIMEN,specimen_source_value,,,,varchar(50),0,,,,,,,,,,,,,,,,,,,Yes,100,,,,,,,,Yes,100,,SPECIMEN_CONCEPT_ID,,,,,,,,,,,,,,,,,,,,,,,,,,,
SPECIMEN,unit_source_value,,,,varchar(50),0,,,,,,,,,,,,,,,,,,,Yes,100,,,,,,,,Yes,100,,UNIT_CONCEPT_ID,,,,,,,,,,,,,,,,,,,,,,,,,,,
SPECIMEN,anatomic_site_source_value,,,,varchar(50),0,,,,,,,,,,,,,,,,,,,Yes,100,,,,,,,,Yes,100,,ANATOMIC_SITE_CONCEPT_ID,,,,,,,,,,,,,,,,,,,,,,,,,,,
SPECIMEN,disease_status_source_value,,,,varchar(50),0,,,,,,,,,,,,,,,,,,,Yes,100,,,,,,,,Yes,100,,DISEASE_STATUS_CONCEPT_ID,,,,,,,,,,,,,,,,,,,,,,,,,,,
FACT_RELATIONSHIP,domain_concept_id_1,Yes,0,,integer,0,,,,,Yes,0,,CONCEPT,CONCEPT_ID,,,,,,,,,,Yes,0,,Yes,100,,,,,,,,,,,,,,,,,,,,,,,,,,,,,,,,,,,
FACT_RELATIONSHIP,fact_id_1,Yes,0,,integer,0,,,,,,,,,,,,,,,,,,,Yes,0,,,,,,,,,,,,,,,,,,,,,,,,,,,,,,,,,,,,,,
FACT_RELATIONSHIP,domain_concept_id_2,Yes,0,,integer,0,,,,,Yes,0,,CONCEPT,CONCEPT_ID,,,,,,,,,,Yes,0,,Yes,100,,,,,,,,,,,,,,,,,,,,,,,,,,,,,,,,,,,
FACT_RELATIONSHIP,fact_id_2,Yes,0,,integer,0,,,,,,,,,,,,,,,,,,,Yes,0,,,,,,,,,,,,,,,,,,,,,,,,,,,,,,,,,,,,,,
FACT_RELATIONSHIP,relationship_concept_id,Yes,0,,integer,0,,,,,Yes,0,,CONCEPT,CONCEPT_ID,,,,,,,,,,Yes,0,,Yes,100,,,,,,,,,,,,,,,,,,,,,,,,,,,,,,,,,,,
LOCATION,location_id,Yes,0,,integer,0,,Yes,0,,,,,,,,,,,,,,,,Yes,0,,,,,,,,,,,,,,,,,,,,,,,,,,,,,,,,,,,,,,
LOCATION,address_1,,,,varchar(50),0,,,,,,,,,,,,,,,,,,,Yes,100,,,,,,,,,,,,,,,,,,,,,,,,,,,,,,,,,,,,,,
LOCATION,address_2,,,,varchar(50),0,,,,,,,,,,,,,,,,,,,Yes,100,,,,,,,,,,,,,,,,,,,,,,,,,,,,,,,,,,,,,,
LOCATION,city,,,,varchar(50),0,,,,,,,,,,,,,,,,,,,Yes,100,,,,,,,,,,,,,,,,,,,,,,,,,,,,,,,,,,,,,,
LOCATION,state,,,,varchar(2),0,,,,,,,,,,,,,,,,,,,Yes,100,,,,,,,,,,,,,,,,,,,,,,,,,,,,,,,,,,,,,,
LOCATION,zip,,,,varchar(9),0,,,,,,,,,,,,,,,,,,,Yes,100,,,,,,,,,,,,,,,,,,,,,,,,,,,,,,,,,,,,,,
LOCATION,county,,,,varchar(20),0,,,,,,,,,,,,,,,,,,,Yes,100,,,,,,,,,,,,,,,,,,,,,,,,,,,,,,,,,,,,,,
LOCATION,location_source_value,,,,varchar(50),0,,,,,,,,,,,,,,,,,,,Yes,100,,,,,,,,,,,,,,,,,,,,,,,,,,,,,,,,,,,,,,
CARE_SITE,care_site_id,Yes,0,,integer,0,,Yes,0,,,,,,,,,,,,,,,,Yes,0,,,,,,,,,,,,,,,,,,,,,,,,,,,,,,,,,,,,,,
CARE_SITE,care_site_name,,,,varchar(255),0,,,,,,,,,,,,,,,,,,,Yes,100,,,,,,,,,,,,,,,,,,,,,,,,,,,,,,,,,,,,,,
CARE_SITE,place_of_service_concept_id,,,,integer,0,,,,,Yes,0,,CONCEPT,CONCEPT_ID,,,,,,,Yes,0,,Yes,100,,Yes,100,,,,,,,,,,,,,,,,,,,,,,,,,,,,,,,,,,,
CARE_SITE,location_id,,,,integer,0,,,,,Yes,0,,LOCATION,LOCATION_ID,,,,,,,,,,Yes,100,,,,,,,,,,,,,,,,,,,,,,,,,,,,,,,,,,,,,,
CARE_SITE,care_site_source_value,,,,varchar(50),0,,,,,,,,,,,,,,,,,,,Yes,100,,,,,,,,,,,,,,,,,,,,,,,,,,,,,,,,,,,,,,
CARE_SITE,place_of_service_source_value,,,,varchar(50),0,,,,,,,,,,,,,,,,,,,Yes,100,,,,,,,,,,,,,,,,,,,,,,,,,,,,,,,,,,,,,,
PROVIDER,provider_id,Yes,0,,integer,0,,Yes,0,,,,,,,,,,,,,,,,Yes,0,,,,,,,,,,,,,,,,,,,,,,,,,,,,,,,,,,,,,,
PROVIDER,provider_name,,,,varchar(255),0,,,,,,,,,,,,,,,,,,,Yes,100,,,,,,,,,,,,,,,,,,,,,,,,,,,,,,,,,,,,,,
PROVIDER,npi,,,,varchar(20),0,,,,,,,,,,,,,,,,,,,Yes,100,,,,,,,,,,,,,,,,,,,,,,,,,,,,,,,,,,,,,,
PROVIDER,dea,,,,varchar(20),0,,,,,,,,,,,,,,,,,,,Yes,100,,,,,,,,,,,,,,,,,,,,,,,,,,,,,,,,,,,,,,
PROVIDER,specialty_concept_id,,,,integer,0,,,,,Yes,0,,CONCEPT,CONCEPT_ID,,,,,,,Yes,0,,Yes,100,,Yes,100,,,,,,,,,,,,,,,,,,,,,,,,,,,,,,,,,,,
PROVIDER,care_site_id,,,,integer,0,,,,,Yes,0,,CARE_SITE,CARE_SITE_ID,,,,,,,,,,Yes,100,,,,,,,,,,,,,,,,,,,,,,,,,,,,,,,,,,,,,,
PROVIDER,year_of_birth,,,,integer,0,,,,,,,,,,,,,,,,,,,Yes,100,,,,,,,,,,,,,,,,,,,,,,,,,,,,,,,,,,,,,,
PROVIDER,gender_concept_id,,,,integer,0,,,,,Yes,0,,CONCEPT,CONCEPT_ID,Gender,0,,,,,Yes,0,,Yes,100,,Yes,100,,,,,,,,,,,,,,,,,,,,,,,,,,,,,,,,,,,
PROVIDER,provider_source_value,,,,varchar(50),0,,,,,,,,,,,,,,,,,,,Yes,100,,,,,,,,,,,,,,,,,,,,,,,,,,,,,,,,,,,,,,
PROVIDER,specialty_source_value,,,,varchar(50),0,,,,,,,,,,,,,,,,,,,Yes,100,,,,,,,,Yes,100,,SPECIALTY_CONCEPT_ID,,,,,,,,,,,,,,,,,,,,,,,,,,,
PROVIDER,specialty_source_concept_id,,,,integer,0,,,,,Yes,0,,CONCEPT,CONCEPT_ID,,,,,,,,,,Yes,100,,,,,Yes,100,,,,,,,,,,,,,,,,,,,,,,,,,,,,,,,,
PROVIDER,gender_source_value,,,,varchar(50),0,,,,,,,,,,,,,,,,,,,Yes,100,,,,,,,,Yes,100,,GENDER_CONCEPT_ID,,,,,,,,,,,,,,,,,,,,,,,,,,,
PROVIDER,gender_source_concept_id,,,,integer,0,,,,,Yes,0,,CONCEPT,CONCEPT_ID,,,,,,,,,,Yes,100,,,,,,,,,,,,,,,,,,,,,,,,,,,,,,,,,,,,,,
PAYER_PLAN_PERIOD,payer_plan_period_id,Yes,0,,integer,0,,Yes,0,,,,,,,,,,,,,,,,Yes,0,,,,,,,,,,,,,,,,,,,,,,,,,,,,,,,,,,,,,,
PAYER_PLAN_PERIOD,person_id,Yes,0,,integer,0,,,,,Yes,0,,PERSON,PERSON_ID,,,,,,,,,,Yes,0,,,,,,,,,,,,,,,,,,,,,,,,,,,,,,,,,,,,,,
PAYER_PLAN_PERIOD,payer_plan_period_start_date,Yes,0,,date,0,,,,,,,,,,,,,,,,,,,Yes,0,,,,,,,,,,,,,,,,,,,,,,,,,,Yes,PAYER_PLAN_PERIOD_END_DATE,1,,Yes,1,,Yes,1,,,,
PAYER_PLAN_PERIOD,payer_plan_period_end_date,Yes,0,,date,0,,,,,,,,,,,,,,,,,,,Yes,0,,,,,,,,,,,,,,,,,,Yes,PAYER_PLAN_PERIOD,PAYER_PLAN_PERIOD_START_DATE,1,,,,,,,,,Yes,1,,Yes,1,,,,
PAYER_PLAN_PERIOD,payer_concept_id,,,,integer,0,,,,,Yes,0,,CONCEPT,CONCEPT_ID,,,,,,,,,,Yes,100,,,,,,,,,,,,,,,,,,,,,,,,,,,,,,,,,,,,,,
PAYER_PLAN_PERIOD,payer_source_value,,,,varchar(50),0,,,,,,,,,,,,,,,,,,,Yes,100,,,,,,,,Yes,100,,PAYER_CONCEPT_ID,,,,,,,,,,,,,,,,,,,,,,,,,,,
PAYER_PLAN_PERIOD,payer_source_concept_id,,,,integer,0,,,,,Yes,0,,CONCEPT,CONCEPT_ID,,,,,,,,,,Yes,100,,,,,,,,,,,,,,,,,,,,,,,,,,,,,,,,,,,,,,
PAYER_PLAN_PERIOD,plan_concept_id,,,,integer,0,,,,,Yes,0,,CONCEPT,CONCEPT_ID,,,,,,,,,,Yes,100,,,,,,,,,,,,,,,,,,,,,,,,,,,,,,,,,,,,,,
PAYER_PLAN_PERIOD,plan_source_value,,,,varchar(50),0,,,,,,,,,,,,,,,,,,,Yes,100,,,,,,,,Yes,100,,PLAN_CONCEPT_ID,,,,,,,,,,,,,,,,,,,,,,,,,,,
PAYER_PLAN_PERIOD,plan_source_concept_id,,,,integer,0,,,,,Yes,0,,CONCEPT,CONCEPT_ID,,,,,,,,,,Yes,100,,,,,,,,,,,,,,,,,,,,,,,,,,,,,,,,,,,,,,
PAYER_PLAN_PERIOD,sponsor_concept_id,,,,integer,0,,,,,Yes,0,,CONCEPT,CONCEPT_ID,,,,,,,,,,Yes,100,,,,,,,,,,,,,,,,,,,,,,,,,,,,,,,,,,,,,,
PAYER_PLAN_PERIOD,sponsor_source_value,,,,varchar(50),0,,,,,,,,,,,,,,,,,,,Yes,100,,,,,,,,Yes,100,,SPONSOR_CONCEPT_ID,,,,,,,,,,,,,,,,,,,,,,,,,,,
PAYER_PLAN_PERIOD,sponsor_source_concept_id,,,,integer,0,,,,,Yes,0,,CONCEPT,CONCEPT_ID,,,,,,,,,,Yes,100,,,,,,,,,,,,,,,,,,,,,,,,,,,,,,,,,,,,,,
PAYER_PLAN_PERIOD,family_source_value,,,,varchar(50),0,,,,,,,,,,,,,,,,,,,Yes,100,,,,,,,,,,,,,,,,,,,,,,,,,,,,,,,,,,,,,,
PAYER_PLAN_PERIOD,stop_reason_concept_id,,,,integer,0,,,,,Yes,0,,CONCEPT,CONCEPT_ID,,,,,,,,,,Yes,100,,,,,,,,,,,,,,,,,,,,,,,,,,,,,,,,,,,,,,
PAYER_PLAN_PERIOD,stop_reason_source_value,,,,varchar(50),0,,,,,,,,,,,,,,,,,,,Yes,100,,,,,,,,Yes,100,,STOP_REASON_CONCEPT_ID,,,,,,,,,,,,,,,,,,,,,,,,,,,
PAYER_PLAN_PERIOD,stop_reason_source_concept_id,,,,integer,0,,,,,Yes,0,,CONCEPT,CONCEPT_ID,,,,,,,,,,Yes,100,,,,,,,,,,,,,,,,,,,,,,,,,,,,,,,,,,,,,,
COST,cost_id,Yes,0,,INTEGER,0,,Yes,0,,,,,,,,,,,,,,,,Yes,0,,,,,,,,,,,,,,,,,,,,,,,,,,,,,,,,,,,,,,
COST,cost_event_id,Yes,0,,INTEGER,0,,,,,,,,,,,,,,,,,,,Yes,0,,,,,,,,,,,,,,,,,,,,,,,,,,,,,,,,,,,,,,
COST,cost_domain_id,Yes,0,,VARCHAR(20),0,,,,,Yes,0,,DOMAIN,DOMAIN_ID,,,,,,,,,,Yes,0,,,,,,,,,,,,,,,,,,,,,,,,,,,,,,,,,,,,,,
COST,cost_type_concept_id,Yes,0,,integer,0,,,,,Yes,0,,CONCEPT,CONCEPT_ID,,,,,,,Yes,0,,Yes,0,,Yes,0,,,,,,,,,,,,,,,,,,,,,,,,,,,,,,,,,,,
COST,currency_concept_id,,,,integer,0,,,,,Yes,0,,CONCEPT,CONCEPT_ID,,,,,,,,,,Yes,100,,,,,,,,,,,,,,,,,,,,,,,,,,,,,,,,,,,,,,
COST,total_charge,,,,FLOAT,0,,,,,,,,,,,,,,,,,,,Yes,100,,,,,,,,,,,,,,,,,,,,,,,,,,,,,,,,,,,,,,
COST,total_cost,,,,FLOAT,0,,,,,,,,,,,,,,,,,,,Yes,100,,,,,,,,,,,,,,,,,,,,,,,,,,,,,,,,,,,,,,
COST,total_paid,,,,FLOAT,0,,,,,,,,,,,,,,,,,,,Yes,100,,,,,,,,,,,,,,,,,,,,,,,,,,,,,,,,,,,,,,
COST,paid_by_payer,,,,FLOAT,0,,,,,,,,,,,,,,,,,,,Yes,100,,,,,,,,,,,,,,,,,,,,,,,,,,,,,,,,,,,,,,
COST,paid_by_patient,,,,FLOAT,0,,,,,,,,,,,,,,,,,,,Yes,100,,,,,,,,,,,,,,,,,,,,,,,,,,,,,,,,,,,,,,
COST,paid_patient_copay,,,,FLOAT,0,,,,,,,,,,,,,,,,,,,Yes,100,,,,,,,,,,,,,,,,,,,,,,,,,,,,,,,,,,,,,,
COST,paid_patient_coinsurance,,,,FLOAT,0,,,,,,,,,,,,,,,,,,,Yes,100,,,,,,,,,,,,,,,,,,,,,,,,,,,,,,,,,,,,,,
COST,paid_patient_deductible,,,,FLOAT,0,,,,,,,,,,,,,,,,,,,Yes,100,,,,,,,,,,,,,,,,,,,,,,,,,,,,,,,,,,,,,,
COST,paid_by_primary,,,,FLOAT,0,,,,,,,,,,,,,,,,,,,Yes,100,,,,,,,,,,,,,,,,,,,,,,,,,,,,,,,,,,,,,,
COST,paid_ingredient_cost,,,,FLOAT,0,,,,,,,,,,,,,,,,,,,Yes,100,,,,,,,,,,,,,,,,,,,,,,,,,,,,,,,,,,,,,,
COST,paid_dispensing_fee,,,,FLOAT,0,,,,,,,,,,,,,,,,,,,Yes,100,,,,,,,,,,,,,,,,,,,,,,,,,,,,,,,,,,,,,,
COST,payer_plan_period_id,,,,INTEGER,0,,,,,Yes,0,,PAYER_PLAN_PERIOD,PAYER_PLAN_PERIOD_ID,,,,,,,,,,Yes,100,,,,,,,,,,,,,,,,,,,,,,,,,,,,,,,,,,,,,,
COST,amount_allowed,,,,FLOAT,0,,,,,,,,,,,,,,,,,,,Yes,100,,,,,,,,,,,,,,,,,,,,,,,,,,,,,,,,,,,,,,
COST,revenue_code_concept_id,,,,integer,0,,,,,Yes,0,,CONCEPT,CONCEPT_ID,,,,,,,,,,Yes,100,,,,,,,,,,,,,,,,,,,,,,,,,,,,,,,,,,,,,,
COST,revenue_code_source_value,,,,VARCHAR(50),0,,,,,,,,,,,,,,,,,,,Yes,100,,,,,,,,,,,,,,,,,,,,,,,,,,,,,,,,,,,,,,
COST,drg_concept_id,,,,integer,0,,,,,Yes,0,,CONCEPT,CONCEPT_ID,,,,,,,,,,Yes,100,,,,,,,,,,,,,,,,,,,,,,,,,,,,,,,,,,,,,,
COST,drg_source_value,,,,VARCHAR(3),0,,,,,,,,,,,,,,,,,,,Yes,100,,,,,,,,,,,,,,,,,,,,,,,,,,,,,,,,,,,,,,
DRUG_ERA,drug_era_id,Yes,0,,integer,0,,Yes,0,,,,,,,,,,,,,,,,Yes,0,,,,,,,,,,,,,,,,,,,,,,,,,,,,,,,,,,,,,,
DRUG_ERA,person_id,Yes,0,,integer,0,,,,,Yes,0,,PERSON,PERSON_ID,,,,,,,,,,Yes,0,,,,,,,,,,,,,,,,,,,,,,,,,,,,,,,,,,,,,,
DRUG_ERA,drug_concept_id,Yes,0,,integer,0,,,,,Yes,0,,CONCEPT,CONCEPT_ID,Drug,0,,Ingredient,0,,Yes,0,,Yes,0,,Yes,0,,,,,,,,,,,,,,,,,,,,,,,,,,,,,,,,,,,
DRUG_ERA,drug_era_start_date,Yes,0,,date,0,,,,,,,,,,,,,,,,,,,Yes,0,,,,,,,,,,,,'19500101',1,,"DATEADD(dd,1,GETDATE())",1,,Yes,PERSON,BIRTH_DATETIME,1,,Yes,1,,Yes,DRUG_ERA_END_DATE,1,,Yes,1,,Yes,1,,,,
DRUG_ERA,drug_era_end_date,Yes,0,,date,0,,,,,,,,,,,,,,,,,,,Yes,0,,,,,,,,,,,,'19500101',1,,"DATEADD(dd,1,GETDATE())",1,,Yes,DRUG_ERA,DRUG_ERA_START_DATE,1,,,,,,,,,Yes,1,,Yes,1,,,,
DRUG_ERA,drug_exposure_count,,,,integer,0,,,,,,,,,,,,,,,,,,,Yes,100,,,,,,,,,,,,1,1,,,,,,,,,,,,,,,,,,,,,,,,,
DRUG_ERA,gap_days,,,,integer,0,,,,,,,,,,,,,,,,,,,Yes,100,,,,,,,,,,,,0,1,,,,,,,,,,,,,,,,,,,,,,,,,
DOSE_ERA,dose_era_id,Yes,0,,integer,0,,Yes,0,,,,,,,,,,,,,,,,Yes,0,,,,,,,,,,,,,,,,,,,,,,,,,,,,,,,,,,,,,,
DOSE_ERA,person_id,Yes,0,,integer,0,,,,,Yes,0,,PERSON,PERSON_ID,,,,,,,,,,Yes,0,,,,,,,,,,,,,,,,,,,,,,,,,,,,,,,,,,,,,,
DOSE_ERA,drug_concept_id,Yes,0,,integer,0,,,,,Yes,0,,CONCEPT,CONCEPT_ID,Drug,0,,Ingredient,0,,Yes,0,,Yes,0,,Yes,0,,,,,,,,,,,,,,,,,,,,,,,,,,,,,,,,,,,
DOSE_ERA,unit_concept_id,Yes,0,,integer,0,,,,,Yes,0,,CONCEPT,CONCEPT_ID,Unit,0,,,,,Yes,0,,Yes,0,,Yes,0,,,,,,,,,,,,,,,,,,,,,,,,,,,,,,,,,,,
DOSE_ERA,dose_value,Yes,0,,float,0,,,,,,,,,,,,,,,,,,,Yes,0,,,,,,,,,,,,0,1,,,,,,,,,,,,,,,,,,,,,,,,,
DOSE_ERA,dose_era_start_date,Yes,0,,date,0,,,,,,,,,,,,,,,,,,,Yes,0,,,,,,,,,,,,'19500101',1,,"DATEADD(dd,1,GETDATE())",1,,Yes,PERSON,BIRTH_DATETIME,1,,Yes,1,,Yes,DOSE_ERA_END_DATE,1,,Yes,1,,Yes,1,,,,
DOSE_ERA,dose_era_end_date,Yes,0,,date,0,,,,,,,,,,,,,,,,,,,Yes,0,,,,,,,,,,,,'19500101',1,,"DATEADD(dd,1,GETDATE())",1,,Yes,PERSON,BIRTH_DATETIME,1,,,,,,,,,Yes,1,,Yes,1,,,,
CONDITION_ERA,condition_era_id,Yes,0,,integer,0,,Yes,0,,,,,,,,,,,,,,,,Yes,0,,,,,,,,,,,,,,,,,,,,,,,,,,,,,,,,,,,,,,
CONDITION_ERA,person_id,Yes,0,,integer,0,,,,,Yes,0,,PERSON,PERSON_ID,,,,,,,,,,Yes,0,,,,,,,,,,,,,,,,,,,,,,,,,,,,,,,,,,,,,,
CONDITION_ERA,condition_concept_id,Yes,0,,integer,0,,,,,Yes,0,,CONCEPT,CONCEPT_ID,Condition,0,,,,,Yes,0,,Yes,0,,Yes,0,,,,,,,,,,,,,,,,,,,,,,,,,,,,,,,,,,,
CONDITION_ERA,condition_era_start_date,Yes,0,,date,0,,,,,,,,,,,,,,,,,,,Yes,0,,,,,,,,,,,,'19500101',1,,"DATEADD(dd,1,GETDATE())",1,,Yes,PERSON,BIRTH_DATETIME,1,,Yes,1,,Yes,CONDITION_ERA_END_DATE,1,,Yes,1,,Yes,1,,,,
CONDITION_ERA,condition_era_end_date,Yes,0,,date,0,,,,,,,,,,,,,,,,,,,Yes,0,,,,,,,,,,,,'19500101',1,,"DATEADD(dd,1,GETDATE())",1,,Yes,PERSON,BIRTH_DATETIME,1,,,,,,,,,Yes,1,,Yes,1,,,,
CONDITION_ERA,condition_occurrence_count,,,,integer,0,,,,,,,,,,,,,,,,,,,Yes,100,,,,,,,,,,,,1,1,,,,,,,,,,,,,,,,,,,,,,,,,
DEATH,cause_concept_id,,,,integer,0,,,,,Yes,0,,CONCEPT,CONCEPT_ID,,,,,,,Yes,0,,Yes,100,,Yes,5,,,,,,,,,,,,,,,,,,,,,,,,,,,,,,,,,,,
DEATH,cause_source_concept_id,,,,integer,0,,,,,Yes,0,,CONCEPT,CONCEPT_ID,,,,,,,,,,Yes,100,,,,,Yes,10,,,,,,,,,,,,,,,,,,,,,,,,,,,,,,,,
DEATH,cause_source_value,,,,varchar(50),0,,,,,,,,,,,,,,,,,,,Yes,100,,,,,,,,Yes,10,,CAUSE_SOURCE_CONCEPT_ID,,,,,,,,,,,,,,,,,,,,,,,,,,,
DEATH,death_date,Yes,0,,date,0,,,,,,,,,,,,,,,,,,,Yes,0,,,,,,,,,,,,'19500101',1,,"DATEADD(dd,1,GETDATE())",1,,Yes,PERSON,BIRTH_DATETIME,1,,,,,,,,,Yes,1,,,,,,,
DEATH,death_datetime,,,,datetime,0,,,,,,,,,,,,,,,,,,,Yes,100,,,,,,,,,,,,'19500101',1,,"DATEADD(dd,1,GETDATE())",1,,Yes,PERSON,BIRTH_DATETIME,1,,,,,,,,,Yes,1,,,,,,,
DEATH,death_type_concept_id,,,,integer,0,,,,,Yes,0,,CONCEPT,CONCEPT_ID,Type Concept,0,,,,,Yes,0,,Yes,100,,Yes,0,,,,,,,,,,,,,,,,,,,,,,,,,,,,,,,,,,,
DEATH,person_id,Yes,0,,integer,0,,,,,Yes,0,,PERSON,PERSON_ID,,,,,,,,,,Yes,0,,,,,,,,,,,,,,,,,,,,,,,,,,,,,,,,,,,,,,
