cdmTableName,cdmFieldName,checkName,Threshold,checkParameter,checkParameter_conceptId,checkParameter_conceptName,checkParameter_unitConceptId,checkParameter_unitConceptName,Notes
OBSERVATION,OBSERVATION_CONCEPT_ID,plausibleValueLow,5,50,37393449,Plasma total cholesterol level,8840,milligram per deciliter,
OBSERVATION,OBSERVATION_CONCEPT_ID,plausibleValueLow,5,1,37393449,Plasma total cholesterol level,8753,millimole per liter,
OBSERVATION,OBSERVATION_CONCEPT_ID,plausibleValueLow,5,50,37397989,Serum total cholesterol level,8840,milligram per deciliter,
OBSERVATION,OBSERVATION_CONCEPT_ID,plausibleValueLow,5,1,37397989,Serum total cholesterol level,8753,millimole per liter,
OBSERVATION,OBSERVATION_CONCEPT_ID,plausibleValueLow,5,50,44809580,Total cholesterol level,8840,milligram per deciliter,
OBSERVATION,OBSERVATION_CONCEPT_ID,plausibleValueLow,5,1,44809580,Total cholesterol level,8753,millimole per liter,
OBSERVATION,OBSERVATION_CONCEPT_ID,plausibleValueLow,5,10,37392176,Serum creatinine level,8749,micromole per liter,
OBSERVATION,OBSERVATION_CONCEPT_ID,plausibleValueLow,5,0.1,37392176,Serum creatinine level,8840,milligram per deciliter,
OBSERVATION,OBSERVATION_CONCEPT_ID,plausibleValueLow,5,10,37392176,Serum creatinine level,8751,milligram per liter,
OBSERVATION,OBSERVATION_CONCEPT_ID,plausibleValueHigh,5,500,37393449,Plasma total cholesterol level,8840,milligram per deciliter,
OBSERVATION,OBSERVATION_CONCEPT_ID,plausibleValueHigh,5,15,37393449,Plasma total cholesterol level,8753,millimole per liter,
OBSERVATION,OBSERVATION_CONCEPT_ID,plausibleValueHigh,5,500,37397989,Serum total cholesterol level,8840,milligram per deciliter,
OBSERVATION,OBSERVATION_CONCEPT_ID,plausibleValueHigh,5,15,37397989,Serum total cholesterol level,8753,millimole per liter,
OBSERVATION,OBSERVATION_CONCEPT_ID,plausibleValueHigh,5,500,44809580,Total cholesterol level,8840,milligram per deciliter,
OBSERVATION,OBSERVATION_CONCEPT_ID,plausibleValueHigh,5,15,44809580,Total cholesterol level,8753,millimole per liter,
OBSERVATION,OBSERVATION_CONCEPT_ID,plausibleValueHigh,5,200,37392176,Serum creatinine level,8749,micromole per liter,
OBSERVATION,OBSERVATION_CONCEPT_ID,plausibleValueHigh,5,5,37392176,Serum creatinine level,8840,milligram per deciliter,
OBSERVATION,OBSERVATION_CONCEPT_ID,plausibleValueHigh,5,30,37392176,Serum creatinine level,8751,milligram per liter,
CONDITION_OCCURRENCE,CONDITION_CONCEPT_ID,plausibleGender,5,Male,26662,Testicular hypofunction,,,
CONDITION_OCCURRENCE,CONDITION_CONCEPT_ID,plausibleGender,5,Male,26935,Disorder of endocrine testis,,,
CONDITION_OCCURRENCE,CONDITION_CONCEPT_ID,plausibleGender,5,Male,30969,Testicular hyperfunction,,,
CONDITION_OCCURRENCE,CONDITION_CONCEPT_ID,plausibleGender,5,Male,73801,Scrotal varices,,,
CONDITION_OCCURRENCE,CONDITION_CONCEPT_ID,plausibleGender,5,Male,74322,Benign neoplasm of scrotum,,,
CONDITION_OCCURRENCE,CONDITION_CONCEPT_ID,plausibleGender,5,Male,78193,Orchitis and epididymitis,,,
CONDITION_OCCURRENCE,CONDITION_CONCEPT_ID,plausibleGender,5,Male,79758,Primary malignant neoplasm of scrotum,,,
CONDITION_OCCURRENCE,CONDITION_CONCEPT_ID,plausibleGender,5,Male,141917,Balanitis xerotica obliterans,,,
CONDITION_OCCURRENCE,CONDITION_CONCEPT_ID,plausibleGender,5,Female,192367,Dysplasia of cervix,,,
CONDITION_OCCURRENCE,CONDITION_CONCEPT_ID,plausibleGender,5,Female,192676,Cervical intraepithelial neoplasia grade 1,,,
CONDITION_OCCURRENCE,CONDITION_CONCEPT_ID,plausibleGender,5,Female,192683,Uterovaginal prolapse,,,
CONDITION_OCCURRENCE,CONDITION_CONCEPT_ID,plausibleGender,5,Female,192854,Intramural leiomyoma of uterus,,,
CONDITION_OCCURRENCE,CONDITION_CONCEPT_ID,plausibleGender,5,Female,192858,Ovarian hyperfunction,,,
CONDITION_OCCURRENCE,CONDITION_CONCEPT_ID,plausibleGender,5,Female,193254,Disorder of vagina,,,
CONDITION_OCCURRENCE,CONDITION_CONCEPT_ID,plausibleGender,5,Female,193261,Vaginospasm,,,
CONDITION_OCCURRENCE,CONDITION_CONCEPT_ID,plausibleGender,5,Male,193262,Inflammatory disorder of penis,,,
CONDITION_OCCURRENCE,CONDITION_CONCEPT_ID,plausibleGender,5,Female,193277,Deliveries by cesarean,,,
CONDITION_OCCURRENCE,CONDITION_CONCEPT_ID,plausibleGender,5,Female,193437,Neoplasm of uncertain behavior of female genital organ,,,
CONDITION_OCCURRENCE,CONDITION_CONCEPT_ID,plausibleGender,5,Female,193439,Benign neoplasm of body of uterus,,,
CONDITION_OCCURRENCE,CONDITION_CONCEPT_ID,plausibleGender,5,Male,193522,Acute prostatitis,,,
CONDITION_OCCURRENCE,CONDITION_CONCEPT_ID,plausibleGender,5,Female,193530,Follicular cyst of ovary,,,
CONDITION_OCCURRENCE,CONDITION_CONCEPT_ID,plausibleGender,5,Female,193739,Ovarian failure,,,
CONDITION_OCCURRENCE,CONDITION_CONCEPT_ID,plausibleGender,5,Male,193818,Calculus of prostate,,,
CONDITION_OCCURRENCE,CONDITION_CONCEPT_ID,plausibleGender,5,Female,194092,Uterine prolapse without vaginal wall prolapse,,,
CONDITION_OCCURRENCE,CONDITION_CONCEPT_ID,plausibleGender,5,Female,194286,"Malignant neoplasm of corpus uteri, excluding isthmus",,,
CONDITION_OCCURRENCE,CONDITION_CONCEPT_ID,plausibleGender,5,Female,194412,Dysplasia of vagina,,,
CONDITION_OCCURRENCE,CONDITION_CONCEPT_ID,plausibleGender,5,Female,194420,Endometriosis of fallopian tube,,,
CONDITION_OCCURRENCE,CONDITION_CONCEPT_ID,plausibleGender,5,Female,194611,Carcinoma in situ of uterine cervix,,,
CONDITION_OCCURRENCE,CONDITION_CONCEPT_ID,plausibleGender,5,Female,194696,Dysmenorrhea,,,
CONDITION_OCCURRENCE,CONDITION_CONCEPT_ID,plausibleGender,5,Female,194871,Trichomonal vulvovaginitis,,,
CONDITION_OCCURRENCE,CONDITION_CONCEPT_ID,plausibleGender,5,Male,194997,Prostatitis,,,
CONDITION_OCCURRENCE,CONDITION_CONCEPT_ID,plausibleGender,5,Male,195009,Leukoplakia of penis,,,
CONDITION_OCCURRENCE,CONDITION_CONCEPT_ID,plausibleGender,5,Female,195012,Intermenstrual bleeding - irregular,,,
CONDITION_OCCURRENCE,CONDITION_CONCEPT_ID,plausibleGender,5,Female,195197,Primary malignant neoplasm of vulva,,,
CONDITION_OCCURRENCE,CONDITION_CONCEPT_ID,plausibleGender,5,Female,195316,Atypical endometrial hyperplasia,,,
CONDITION_OCCURRENCE,CONDITION_CONCEPT_ID,plausibleGender,5,Female,195321,Postmenopausal bleeding,,,
CONDITION_OCCURRENCE,CONDITION_CONCEPT_ID,plausibleGender,5,Male,195483,Primary malignant neoplasm of penis,,,
CONDITION_OCCURRENCE,CONDITION_CONCEPT_ID,plausibleGender,5,Female,195500,Benign neoplasm of uterus,,,
CONDITION_OCCURRENCE,CONDITION_CONCEPT_ID,plausibleGender,5,Female,195501,Polycystic ovaries,,,
CONDITION_OCCURRENCE,CONDITION_CONCEPT_ID,plausibleGender,5,Male,195683,Open wound of penis without complication,,,
CONDITION_OCCURRENCE,CONDITION_CONCEPT_ID,plausibleGender,5,Female,195769,Submucous leiomyoma of uterus,,,
CONDITION_OCCURRENCE,CONDITION_CONCEPT_ID,plausibleGender,5,Female,195770,Subserous leiomyoma of uterus,,,
CONDITION_OCCURRENCE,CONDITION_CONCEPT_ID,plausibleGender,5,Female,195793,Neoplasm of uncertain behavior of uterus,,,
CONDITION_OCCURRENCE,CONDITION_CONCEPT_ID,plausibleGender,5,Female,195867,Noninflammatory disorder of the vagina,,,
CONDITION_OCCURRENCE,CONDITION_CONCEPT_ID,plausibleGender,5,Female,195873,Leukorrhea,,,
CONDITION_OCCURRENCE,CONDITION_CONCEPT_ID,plausibleGender,5,Female,196048,Primary malignant neoplasm of vagina,,,
CONDITION_OCCURRENCE,CONDITION_CONCEPT_ID,plausibleGender,5,Female,196051,Overlapping malignant neoplasm of female genital organs,,,
CONDITION_OCCURRENCE,CONDITION_CONCEPT_ID,plausibleGender,5,Male,196068,Carcinoma in situ of male genital organ,,,
CONDITION_OCCURRENCE,CONDITION_CONCEPT_ID,plausibleGender,5,Male,196157,Induratio penis plastica,,,
CONDITION_OCCURRENCE,CONDITION_CONCEPT_ID,plausibleGender,5,Male,196158,Disorder of penis,,,
CONDITION_OCCURRENCE,CONDITION_CONCEPT_ID,plausibleGender,5,Female,196163,Cervicitis and endocervicitis,,,
CONDITION_OCCURRENCE,CONDITION_CONCEPT_ID,plausibleGender,5,Female,196165,Cervical intraepithelial neoplasia grade 2,,,
CONDITION_OCCURRENCE,CONDITION_CONCEPT_ID,plausibleGender,5,Female,196168,Irregular periods,,,
CONDITION_OCCURRENCE,CONDITION_CONCEPT_ID,plausibleGender,5,Female,196359,Primary malignant neoplasm of uterine cervix,,,
CONDITION_OCCURRENCE,CONDITION_CONCEPT_ID,plausibleGender,5,Female,196364,Benign neoplasm of uterine cervix,,,
CONDITION_OCCURRENCE,CONDITION_CONCEPT_ID,plausibleGender,5,Female,196473,Hypertrophy of uterus,,,
CONDITION_OCCURRENCE,CONDITION_CONCEPT_ID,plausibleGender,5,Male,196734,Disorder of prostate,,,
CONDITION_OCCURRENCE,CONDITION_CONCEPT_ID,plausibleGender,5,Male,196738,Disorder of male genital organ,,,
CONDITION_OCCURRENCE,CONDITION_CONCEPT_ID,plausibleGender,5,Female,196758,Tumor of body of uterus affecting pregnancy,,,
CONDITION_OCCURRENCE,CONDITION_CONCEPT_ID,plausibleGender,5,Male,197032,Hyperplasia of prostate,,,
CONDITION_OCCURRENCE,CONDITION_CONCEPT_ID,plausibleGender,5,Male,197039,Male genital organ vascular diseases,,,
CONDITION_OCCURRENCE,CONDITION_CONCEPT_ID,plausibleGender,5,Female,197044,Female infertility associated with anovulation,,,
CONDITION_OCCURRENCE,CONDITION_CONCEPT_ID,plausibleGender,5,Female,197236,Uterine leiomyoma,,,
CONDITION_OCCURRENCE,CONDITION_CONCEPT_ID,plausibleGender,5,Male,197237,Benign neoplasm of prostate,,,
CONDITION_OCCURRENCE,CONDITION_CONCEPT_ID,plausibleGender,5,Male,197507,Primary malignant neoplasm of male genital organ,,,
CONDITION_OCCURRENCE,CONDITION_CONCEPT_ID,plausibleGender,5,Male,197601,Spermatocele,,,
CONDITION_OCCURRENCE,CONDITION_CONCEPT_ID,plausibleGender,5,Male,197605,Inflammatory disorder of male genital organ,,,
CONDITION_OCCURRENCE,CONDITION_CONCEPT_ID,plausibleGender,5,Female,197606,Female infertility of tubal origin,,,
CONDITION_OCCURRENCE,CONDITION_CONCEPT_ID,plausibleGender,5,Female,197607,Excessive and frequent menstruation,,,
CONDITION_OCCURRENCE,CONDITION_CONCEPT_ID,plausibleGender,5,Female,197609,"Cervical, vaginal and vulval inflammatory diseases",,,
CONDITION_OCCURRENCE,CONDITION_CONCEPT_ID,plausibleGender,5,Female,197610,Cyst of ovary,,,
CONDITION_OCCURRENCE,CONDITION_CONCEPT_ID,plausibleGender,5,Female,197938,Uterine inertia,,,
CONDITION_OCCURRENCE,CONDITION_CONCEPT_ID,plausibleGender,5,Female,198082,Overlapping malignant neoplasm of body of uterus,,,
CONDITION_OCCURRENCE,CONDITION_CONCEPT_ID,plausibleGender,5,Female,198108,Benign neoplasm of fallopian tubes and uterine ligaments,,,
CONDITION_OCCURRENCE,CONDITION_CONCEPT_ID,plausibleGender,5,Female,198194,Female genital organ symptoms,,,
CONDITION_OCCURRENCE,CONDITION_CONCEPT_ID,plausibleGender,5,Male,198197,Male infertility,,,
CONDITION_OCCURRENCE,CONDITION_CONCEPT_ID,plausibleGender,5,Female,198198,Polyp of vagina,,,
CONDITION_OCCURRENCE,CONDITION_CONCEPT_ID,plausibleGender,5,Female,198202,Cystocele,,,
CONDITION_OCCURRENCE,CONDITION_CONCEPT_ID,plausibleGender,5,Female,198212,Spotting per vagina in pregnancy,,,
CONDITION_OCCURRENCE,CONDITION_CONCEPT_ID,plausibleGender,5,Female,198363,Candidiasis of vagina,,,
CONDITION_OCCURRENCE,CONDITION_CONCEPT_ID,plausibleGender,5,Female,198471,Complex endometrial hyperplasia,,,
CONDITION_OCCURRENCE,CONDITION_CONCEPT_ID,plausibleGender,5,Female,198483,Stricture or atresia of the vagina,,,
CONDITION_OCCURRENCE,CONDITION_CONCEPT_ID,plausibleGender,5,Male,198803,Benign prostatic hyperplasia,,,
CONDITION_OCCURRENCE,CONDITION_CONCEPT_ID,plausibleGender,5,Male,198806,Abscess of prostate,,,
CONDITION_OCCURRENCE,CONDITION_CONCEPT_ID,plausibleGender,5,Female,199067,Female pelvic inflammatory disease,,,
CONDITION_OCCURRENCE,CONDITION_CONCEPT_ID,plausibleGender,5,Female,199078,Vaginal wall prolapse,,,
CONDITION_OCCURRENCE,CONDITION_CONCEPT_ID,plausibleGender,5,Female,199752,Secondary malignant neoplasm of ovary,,,
CONDITION_OCCURRENCE,CONDITION_CONCEPT_ID,plausibleGender,5,Female,199764,Benign neoplasm of ovary,,,
CONDITION_OCCURRENCE,CONDITION_CONCEPT_ID,plausibleGender,5,Female,199876,Prolapse of female genital organs,,,
CONDITION_OCCURRENCE,CONDITION_CONCEPT_ID,plausibleGender,5,Female,199877,Mucous polyp of cervix,,,
CONDITION_OCCURRENCE,CONDITION_CONCEPT_ID,plausibleGender,5,Female,199878,Light and infrequent menstruation,,,
CONDITION_OCCURRENCE,CONDITION_CONCEPT_ID,plausibleGender,5,Female,199881,Endometriosis of ovary,,,
CONDITION_OCCURRENCE,CONDITION_CONCEPT_ID,plausibleGender,5,Female,200051,Primary malignant neoplasm of ovary,,,
CONDITION_OCCURRENCE,CONDITION_CONCEPT_ID,plausibleGender,5,Female,200052,Primary malignant neoplasm of uterine adnexa,,,
CONDITION_OCCURRENCE,CONDITION_CONCEPT_ID,plausibleGender,5,Male,200147,Atrophy of prostate,,,
CONDITION_OCCURRENCE,CONDITION_CONCEPT_ID,plausibleGender,5,Male,200445,Chronic prostatitis,,,
CONDITION_OCCURRENCE,CONDITION_CONCEPT_ID,plausibleGender,5,Female,200452,Disorder of female genital organs,,,
CONDITION_OCCURRENCE,CONDITION_CONCEPT_ID,plausibleGender,5,Female,200461,Endometriosis of uterus,,,
CONDITION_OCCURRENCE,CONDITION_CONCEPT_ID,plausibleGender,5,Male,200670,Benign neoplasm of male genital organ,,,
CONDITION_OCCURRENCE,CONDITION_CONCEPT_ID,plausibleGender,5,Female,200675,Neoplasm of uncertain behavior of ovary,,,
CONDITION_OCCURRENCE,CONDITION_CONCEPT_ID,plausibleGender,5,Female,200775,Endometrial hyperplasia,,,
CONDITION_OCCURRENCE,CONDITION_CONCEPT_ID,plausibleGender,5,Female,200779,Polyp of corpus uteri,,,
CONDITION_OCCURRENCE,CONDITION_CONCEPT_ID,plausibleGender,5,Female,200780,Disorder of uterus,,,
CONDITION_OCCURRENCE,CONDITION_CONCEPT_ID,plausibleGender,5,Male,200962,Primary malignant neoplasm of prostate,,,
CONDITION_OCCURRENCE,CONDITION_CONCEPT_ID,plausibleGender,5,Male,200970,Carcinoma in situ of prostate,,,
CONDITION_OCCURRENCE,CONDITION_CONCEPT_ID,plausibleGender,5,Male,201072,Benign prostatic hypertrophy without outflow obstruction,,,
CONDITION_OCCURRENCE,CONDITION_CONCEPT_ID,plausibleGender,5,Female,201078,Atrophic vaginitis,,,
CONDITION_OCCURRENCE,CONDITION_CONCEPT_ID,plausibleGender,5,Female,201211,Herpetic vulvovaginitis,,,
CONDITION_OCCURRENCE,CONDITION_CONCEPT_ID,plausibleGender,5,Female,201238,Primary malignant neoplasm of female genital organ,,,
CONDITION_OCCURRENCE,CONDITION_CONCEPT_ID,plausibleGender,5,Female,201244,Benign neoplasm of vagina,,,
CONDITION_OCCURRENCE,CONDITION_CONCEPT_ID,plausibleGender,5,Female,201257,Disorder of endocrine ovary,,,
CONDITION_OCCURRENCE,CONDITION_CONCEPT_ID,plausibleGender,5,Male,201346,Edema of penis,,,
CONDITION_OCCURRENCE,CONDITION_CONCEPT_ID,plausibleGender,5,Female,201355,Erosion and ectropion of the cervix,,,
CONDITION_OCCURRENCE,CONDITION_CONCEPT_ID,plausibleGender,5,Male,201527,Neoplasm of uncertain behavior of prostate,,,
CONDITION_OCCURRENCE,CONDITION_CONCEPT_ID,plausibleGender,5,Male,201617,Prostatic cyst,,,
CONDITION_OCCURRENCE,CONDITION_CONCEPT_ID,plausibleGender,5,Female,201625,Malposition of uterus,,,
CONDITION_OCCURRENCE,CONDITION_CONCEPT_ID,plausibleGender,5,Female,201801,Primary malignant neoplasm of fallopian tube,,,
CONDITION_OCCURRENCE,CONDITION_CONCEPT_ID,plausibleGender,5,Female,201817,Benign neoplasm of female genital organ,,,
CONDITION_OCCURRENCE,CONDITION_CONCEPT_ID,plausibleGender,5,Male,201823,Benign neoplasm of penis,,,
CONDITION_OCCURRENCE,CONDITION_CONCEPT_ID,plausibleGender,5,Male,201907,Edema of male genital organs,,,
CONDITION_OCCURRENCE,CONDITION_CONCEPT_ID,plausibleGender,5,Female,201909,Female infertility,,,
CONDITION_OCCURRENCE,CONDITION_CONCEPT_ID,plausibleGender,5,Female,201913,"Torsion of the ovary, ovarian pedicle or fallopian tube",,,
CONDITION_OCCURRENCE,CONDITION_CONCEPT_ID,plausibleGender,5,Male,314409,Vascular disorder of penis,,,
CONDITION_OCCURRENCE,CONDITION_CONCEPT_ID,plausibleGender,5,Male,315586,Priapism,,,
CONDITION_OCCURRENCE,CONDITION_CONCEPT_ID,plausibleGender,5,Male,433716,Primary malignant neoplasm of testis,,,
CONDITION_OCCURRENCE,CONDITION_CONCEPT_ID,plausibleGender,5,Male,434251,Injury of male external genital organs,,,
CONDITION_OCCURRENCE,CONDITION_CONCEPT_ID,plausibleGender,5,Male,435315,Torsion of testis,,,
CONDITION_OCCURRENCE,CONDITION_CONCEPT_ID,plausibleGender,5,Male,435648,Retractile testis,,,
CONDITION_OCCURRENCE,CONDITION_CONCEPT_ID,plausibleGender,5,Male,436155,Redundant prepuce and phimosis,,,
CONDITION_OCCURRENCE,CONDITION_CONCEPT_ID,plausibleGender,5,Female,436358,Primary malignant neoplasm of exocervix,,,
CONDITION_OCCURRENCE,CONDITION_CONCEPT_ID,plausibleGender,5,Male,436366,Benign neoplasm of testis,,,
CONDITION_OCCURRENCE,CONDITION_CONCEPT_ID,plausibleGender,5,Male,436466,Balanoposthitis,,,
CONDITION_OCCURRENCE,CONDITION_CONCEPT_ID,plausibleGender,5,Female,437501,Primary malignant neoplasm of labia majora,,,
CONDITION_OCCURRENCE,CONDITION_CONCEPT_ID,plausibleGender,5,Male,437655,Undescended testicle,,,
CONDITION_OCCURRENCE,CONDITION_CONCEPT_ID,plausibleGender,5,Male,438477,Atrophy of testis,,,
CONDITION_OCCURRENCE,CONDITION_CONCEPT_ID,plausibleGender,5,Male,439871,Hemospermia,,,
CONDITION_OCCURRENCE,CONDITION_CONCEPT_ID,plausibleGender,5,Male,440971,Neoplasm of uncertain behavior of testis,,,
CONDITION_OCCURRENCE,CONDITION_CONCEPT_ID,plausibleGender,5,Male,441068,Torsion of appendix of testis,,,
CONDITION_OCCURRENCE,CONDITION_CONCEPT_ID,plausibleGender,5,Female,441077,Stenosis of cervix,,,
CONDITION_OCCURRENCE,CONDITION_CONCEPT_ID,plausibleGender,5,Female,441805,Primary malignant neoplasm of endocervix,,,
CONDITION_OCCURRENCE,CONDITION_CONCEPT_ID,plausibleGender,5,Female,442781,Disorder of uterine cervix,,,
CONDITION_OCCURRENCE,CONDITION_CONCEPT_ID,plausibleGender,5,Male,443211,Benign prostatic hypertrophy with outflow obstruction,,,
CONDITION_OCCURRENCE,CONDITION_CONCEPT_ID,plausibleGender,5,Female,443435,Primary uterine inertia,,,
CONDITION_OCCURRENCE,CONDITION_CONCEPT_ID,plausibleGender,5,Female,443800,Amenorrhea,,,
CONDITION_OCCURRENCE,CONDITION_CONCEPT_ID,plausibleGender,5,Female,444078,Inflammation of cervix,,,
CONDITION_OCCURRENCE,CONDITION_CONCEPT_ID,plausibleGender,5,Female,444106,Candidiasis of vulva,,,
PROCEDURE_OCCURRENCE,PROCEDURE_CONCEPT_ID,plausibleGender,5,Male,2003947,Closed [percutaneous] [needle] biopsy of prostate,,,
PROCEDURE_OCCURRENCE,PROCEDURE_CONCEPT_ID,plausibleGender,5,Male,2003966,Other transurethral prostatectomy,,,
PROCEDURE_OCCURRENCE,PROCEDURE_CONCEPT_ID,plausibleGender,5,Male,2003983,Other prostatectomy,,,
PROCEDURE_OCCURRENCE,PROCEDURE_CONCEPT_ID,plausibleGender,5,Male,2004031,Other repair of scrotum and tunica vaginalis,,,
PROCEDURE_OCCURRENCE,PROCEDURE_CONCEPT_ID,plausibleGender,5,Male,2004063,Unilateral orchiectomy,,,
PROCEDURE_OCCURRENCE,PROCEDURE_CONCEPT_ID,plausibleGender,5,Male,2004070,Other repair of testis,,,
PROCEDURE_OCCURRENCE,PROCEDURE_CONCEPT_ID,plausibleGender,5,Male,2004090,Excision of varicocele and hydrocele of spermatic cord,,,
PROCEDURE_OCCURRENCE,PROCEDURE_CONCEPT_ID,plausibleGender,5,Male,2004164,Local excision or destruction of lesion of penis,,,
PROCEDURE_OCCURRENCE,PROCEDURE_CONCEPT_ID,plausibleGender,5,Female,2004263,Other removal of both ovaries and tubes at same operative episode,,,
PROCEDURE_OCCURRENCE,PROCEDURE_CONCEPT_ID,plausibleGender,5,Female,2004329,Other bilateral destruction or occlusion of fallopian tubes,,,
PROCEDURE_OCCURRENCE,PROCEDURE_CONCEPT_ID,plausibleGender,5,Female,2004342,Removal of both fallopian tubes at same operative episode,,,
PROCEDURE_OCCURRENCE,PROCEDURE_CONCEPT_ID,plausibleGender,5,Female,2004443,Closed biopsy of uterus,,,
PROCEDURE_OCCURRENCE,PROCEDURE_CONCEPT_ID,plausibleGender,5,Female,2004627,Vaginal suspension and fixation,,,
PROCEDURE_OCCURRENCE,PROCEDURE_CONCEPT_ID,plausibleGender,5,Male,2109825,"Transurethral electrosurgical resection of prostate, including control of postoperative bleeding, complete (vasectomy, meatotomy, cystourethroscopy, urethral calibration and/or dilation, and internal urethrotomy are included)",,,
PROCEDURE_OCCURRENCE,PROCEDURE_CONCEPT_ID,plausibleGender,5,Male,2109833,"Laser vaporization of prostate, including control of postoperative bleeding, complete (vasectomy, meatotomy, cystourethroscopy, urethral calibration and/or dilation, internal urethrotomy and transurethral resection of prostate are included if performed)",,,
PROCEDURE_OCCURRENCE,PROCEDURE_CONCEPT_ID,plausibleGender,5,Male,2109900,"Destruction of lesion(s), penis (eg, condyloma, papilloma, molluscum contagiosum, herpetic vesicle), simple; chemical",,,
PROCEDURE_OCCURRENCE,PROCEDURE_CONCEPT_ID,plausibleGender,5,Male,2109902,"Destruction of lesion(s), penis (eg, condyloma, papilloma, molluscum contagiosum, herpetic vesicle), simple; cryosurgery",,,
PROCEDURE_OCCURRENCE,PROCEDURE_CONCEPT_ID,plausibleGender,5,Male,2109905,"Destruction of lesion(s), penis (eg, condyloma, papilloma, molluscum contagiosum, herpetic vesicle), extensive (eg, laser surgery, electrosurgery, cryosurgery, chemosurgery)",,,
PROCEDURE_OCCURRENCE,PROCEDURE_CONCEPT_ID,plausibleGender,5,Male,2109906,"Biopsy of penis, (separate procedure)",,,
PROCEDURE_OCCURRENCE,PROCEDURE_CONCEPT_ID,plausibleGender,5,Male,2109916,"Circumcision, using clamp or other device with regional dorsal penile or ring block",,,
PROCEDURE_OCCURRENCE,PROCEDURE_CONCEPT_ID,plausibleGender,5,Male,2109968,Foreskin manipulation including lysis of preputial adhesions and stretching,,,
PROCEDURE_OCCURRENCE,PROCEDURE_CONCEPT_ID,plausibleGender,5,Male,2109973,"Orchiectomy, simple (including subcapsular), with or without testicular prosthesis, scrotal or inguinal approach",,,
PROCEDURE_OCCURRENCE,PROCEDURE_CONCEPT_ID,plausibleGender,5,Male,2109981,"Orchiopexy, inguinal approach, with or without hernia repair",,,
PROCEDURE_OCCURRENCE,PROCEDURE_CONCEPT_ID,plausibleGender,5,Male,2110004,Drainage of scrotal wall abscess,,,
PROCEDURE_OCCURRENCE,PROCEDURE_CONCEPT_ID,plausibleGender,5,Male,2110011,"Vasectomy, unilateral or bilateral (separate procedure), including postoperative semen examination(s)",,,
PROCEDURE_OCCURRENCE,PROCEDURE_CONCEPT_ID,plausibleGender,5,Male,2110026,"Biopsy, prostate; needle or punch, single or multiple, any approach",,,
PROCEDURE_OCCURRENCE,PROCEDURE_CONCEPT_ID,plausibleGender,5,Male,2110039,"Prostatectomy, retropubic radical, with or without nerve sparing; with bilateral pelvic lymphadenectomy, including external iliac, hypogastric, and obturator nodes",,,
PROCEDURE_OCCURRENCE,PROCEDURE_CONCEPT_ID,plausibleGender,5,Male,2110044,"Laparoscopy, surgical prostatectomy, retropubic radical, including nerve sparing, includes robotic assistance, when performed",,,
PROCEDURE_OCCURRENCE,PROCEDURE_CONCEPT_ID,plausibleGender,5,Female,2110078,Colposcopy of the vulva,,,
PROCEDURE_OCCURRENCE,PROCEDURE_CONCEPT_ID,plausibleGender,5,Female,2110116,"Colpopexy, vaginal; extra-peritoneal approach (sacrospinous, iliococcygeus)",,,
PROCEDURE_OCCURRENCE,PROCEDURE_CONCEPT_ID,plausibleGender,5,Female,2110142,"Laparoscopy, surgical, colpopexy (suspension of vaginal apex)",,,
PROCEDURE_OCCURRENCE,PROCEDURE_CONCEPT_ID,plausibleGender,5,Female,2110144,"Colposcopy of the cervix including upper/adjacent vagina, with biopsy(s) of the cervix and endocervical curettage",,,
PROCEDURE_OCCURRENCE,PROCEDURE_CONCEPT_ID,plausibleGender,5,Female,2110169,"Endometrial sampling (biopsy) with or without endocervical sampling (biopsy), without cervical dilation, any method (separate procedure)",,,
PROCEDURE_OCCURRENCE,PROCEDURE_CONCEPT_ID,plausibleGender,5,Female,2110175,"Total abdominal hysterectomy (corpus and cervix), with or without removal of tube(s), with or without removal of ovary(s)",,,
PROCEDURE_OCCURRENCE,PROCEDURE_CONCEPT_ID,plausibleGender,5,Female,2110194,Insertion of intrauterine device (IUD),,,
PROCEDURE_OCCURRENCE,PROCEDURE_CONCEPT_ID,plausibleGender,5,Female,2110195,Removal of intrauterine device (IUD),,,
PROCEDURE_OCCURRENCE,PROCEDURE_CONCEPT_ID,plausibleGender,5,Female,2110203,"Endometrial ablation, thermal, without hysteroscopic guidance",,,
PROCEDURE_OCCURRENCE,PROCEDURE_CONCEPT_ID,plausibleGender,5,Female,2110222,"Hysteroscopy, surgical; with sampling (biopsy) of endometrium and/or polypectomy, with or without D & C",,,
PROCEDURE_OCCURRENCE,PROCEDURE_CONCEPT_ID,plausibleGender,5,Female,2110227,"Hysteroscopy, surgical; with endometrial ablation (eg, endometrial resection, electrosurgical ablation, thermoablation)",,,
PROCEDURE_OCCURRENCE,PROCEDURE_CONCEPT_ID,plausibleGender,5,Female,2110230,"Laparoscopy, surgical, with total hysterectomy, for uterus 250 g or less; with removal of tube(s) and/or ovary(s)",,,
PROCEDURE_OCCURRENCE,PROCEDURE_CONCEPT_ID,plausibleGender,5,Female,2110307,"Routine obstetric care including antepartum care, vaginal delivery (with or without episiotomy, and/or forceps) and postpartum care",,,
PROCEDURE_OCCURRENCE,PROCEDURE_CONCEPT_ID,plausibleGender,5,Female,2110315,"Routine obstetric care including antepartum care, cesarean delivery, and postpartum care",,,
PROCEDURE_OCCURRENCE,PROCEDURE_CONCEPT_ID,plausibleGender,5,Female,2110316,Cesarean delivery only,,,
PROCEDURE_OCCURRENCE,PROCEDURE_CONCEPT_ID,plausibleGender,5,Female,2110317,"Cesarean delivery only, including postpartum care",,,
PROCEDURE_OCCURRENCE,PROCEDURE_CONCEPT_ID,plausibleGender,5,Female,2110326,"Treatment of missed abortion, completed surgically; first trimester",,,
PROCEDURE_OCCURRENCE,PROCEDURE_CONCEPT_ID,plausibleGender,5,Female,2211747,"Ultrasound, pregnant uterus, real time with image documentation, fetal and maternal evaluation, first trimester (< 14 weeks 0 days), transabdominal approach; single or first gestation",,,
PROCEDURE_OCCURRENCE,PROCEDURE_CONCEPT_ID,plausibleGender,5,Female,2211749,"Ultrasound, pregnant uterus, real time with image documentation, fetal and maternal evaluation, after first trimester (> or = 14 weeks 0 days), transabdominal approach; single or first gestation",,,
PROCEDURE_OCCURRENCE,PROCEDURE_CONCEPT_ID,plausibleGender,5,Female,2211751,"Ultrasound, pregnant uterus, real time with image documentation, fetal and maternal evaluation plus detailed fetal anatomic examination, transabdominal approach; single or first gestation",,,
PROCEDURE_OCCURRENCE,PROCEDURE_CONCEPT_ID,plausibleGender,5,Female,2211753,"Ultrasound, pregnant uterus, real time with image documentation, first trimester fetal nuchal translucency measurement, transabdominal or transvaginal approach; single or first gestation",,,
PROCEDURE_OCCURRENCE,PROCEDURE_CONCEPT_ID,plausibleGender,5,Female,2211755,"Ultrasound, pregnant uterus, real time with image documentation, limited (eg, fetal heart beat, placental location, fetal position and/or qualitative amniotic fluid volume), 1 or more fetuses",,,
PROCEDURE_OCCURRENCE,PROCEDURE_CONCEPT_ID,plausibleGender,5,Female,2211756,"Ultrasound, pregnant uterus, real time with image documentation, follow-up (eg, re-evaluation of fetal size by measuring standard growth parameters and amniotic fluid volume, re-evaluation of organ system(s) suspected or confirmed to be abnormal on a prev",,,
PROCEDURE_OCCURRENCE,PROCEDURE_CONCEPT_ID,plausibleGender,5,Female,2211757,"Ultrasound, pregnant uterus, real time with image documentation, transvaginal",,,
PROCEDURE_OCCURRENCE,PROCEDURE_CONCEPT_ID,plausibleGender,5,Female,2211765,"Ultrasound, transvaginal",,,
PROCEDURE_OCCURRENCE,PROCEDURE_CONCEPT_ID,plausibleGender,5,Male,2211769,"Ultrasound, scrotum and contents",,,
PROCEDURE_OCCURRENCE,PROCEDURE_CONCEPT_ID,plausibleGender,5,Female,2617204,"Cervical or vaginal cancer screening, pelvic and clinical breast examination",,,
PROCEDURE_OCCURRENCE,PROCEDURE_CONCEPT_ID,plausibleGender,5,Female,2721063,"Annual gynecological examination, new patient",,,
PROCEDURE_OCCURRENCE,PROCEDURE_CONCEPT_ID,plausibleGender,5,Female,2721064,"Annual gynecological examination, established patient",,,
PROCEDURE_OCCURRENCE,PROCEDURE_CONCEPT_ID,plausibleGender,5,Male,2780478,"Resection of Prostate, Percutaneous Endoscopic Approach",,,
PROCEDURE_OCCURRENCE,PROCEDURE_CONCEPT_ID,plausibleGender,5,Male,2780523,"Resection of Prepuce, External Approach",,,
CONDITION_OCCURRENCE,CONDITION_CONCEPT_ID,plausibleGender,5,Female,4005743,Female sterility,,,
CONDITION_OCCURRENCE,CONDITION_CONCEPT_ID,plausibleGender,5,Male,4005933,"Hypospadias, penile",,,
CONDITION_OCCURRENCE,CONDITION_CONCEPT_ID,plausibleGender,5,Female,4012343,Vaginal discharge symptom,,,
CONDITION_OCCURRENCE,CONDITION_CONCEPT_ID,plausibleGender,5,Male,4016155,Prostatism,,,
PROCEDURE_OCCURRENCE,PROCEDURE_CONCEPT_ID,plausibleGender,5,Female,4021531,Total abdominal hysterectomy,,,
CONDITION_OCCURRENCE,CONDITION_CONCEPT_ID,plausibleGender,5,Male,4032594,Inflammation of scrotum,,,
PROCEDURE_OCCURRENCE,PROCEDURE_CONCEPT_ID,plausibleGender,5,Female,4032622,Laparoscopic supracervical hysterectomy,,,
PROCEDURE_OCCURRENCE,PROCEDURE_CONCEPT_ID,plausibleGender,5,Female,4038747,Obstetric examination,,,
CONDITION_OCCURRENCE,CONDITION_CONCEPT_ID,plausibleGender,5,Female,4048225,Neoplasm of endometrium,,,
CONDITION_OCCURRENCE,CONDITION_CONCEPT_ID,plausibleGender,5,Male,4050091,Open wound of penis,,,
CONDITION_OCCURRENCE,CONDITION_CONCEPT_ID,plausibleGender,5,Female,4051956,Vulvovaginal disease,,,
PROCEDURE_OCCURRENCE,PROCEDURE_CONCEPT_ID,plausibleGender,5,Female,4052532,Hysteroscopy,,,
CONDITION_OCCURRENCE,CONDITION_CONCEPT_ID,plausibleGender,5,Male,4054550,Open wound of scrotum and testes,,,
CONDITION_OCCURRENCE,CONDITION_CONCEPT_ID,plausibleGender,5,Female,4056903,Vaginitis associated with another disorder,,,
PROCEDURE_OCCURRENCE,PROCEDURE_CONCEPT_ID,plausibleGender,5,Female,4058792,Douche of vagina,,,
CONDITION_OCCURRENCE,CONDITION_CONCEPT_ID,plausibleGender,5,Female,4060207,Vulval irritation,,,
CONDITION_OCCURRENCE,CONDITION_CONCEPT_ID,plausibleGender,5,Female,4060556,"Uterine scar from previous surgery in pregnancy, childbirth and the puerperium",,,
CONDITION_OCCURRENCE,CONDITION_CONCEPT_ID,plausibleGender,5,Female,4060558,"Uterine scar from previous surgery in pregnancy, childbirth and the puerperium - delivered",,,
CONDITION_OCCURRENCE,CONDITION_CONCEPT_ID,plausibleGender,5,Female,4060559,"Uterine scar from previous surgery in pregnancy, childbirth and the puerperium with antenatal problem",,,
CONDITION_OCCURRENCE,CONDITION_CONCEPT_ID,plausibleGender,5,Female,4061050,Subacute and chronic vaginitis,,,
CONDITION_OCCURRENCE,CONDITION_CONCEPT_ID,plausibleGender,5,Male,4071874,Pain in scrotum,,,
PROCEDURE_OCCURRENCE,PROCEDURE_CONCEPT_ID,plausibleGender,5,Male,4073700,Transurethral laser prostatectomy,,,
CONDITION_OCCURRENCE,CONDITION_CONCEPT_ID,plausibleGender,5,Female,4081648,Acute vaginitis,,,
PROCEDURE_OCCURRENCE,PROCEDURE_CONCEPT_ID,plausibleGender,5,Male,4083772,Echography of scrotum and contents,,,
CONDITION_OCCURRENCE,CONDITION_CONCEPT_ID,plausibleGender,5,Male,4090039,Penile arterial insufficiency,,,
CONDITION_OCCURRENCE,CONDITION_CONCEPT_ID,plausibleGender,5,Female,4092515,"Malignant neoplasm, overlapping lesion of cervix uteri",,,
CONDITION_OCCURRENCE,CONDITION_CONCEPT_ID,plausibleGender,5,Male,4093346,Large prostate,,,
CONDITION_OCCURRENCE,CONDITION_CONCEPT_ID,plausibleGender,5,Female,4095940,Finding of pattern of menstrual cycle,,,
PROCEDURE_OCCURRENCE,PROCEDURE_CONCEPT_ID,plausibleGender,5,Male,4096783,Radical prostatectomy,,,
CONDITION_OCCURRENCE,CONDITION_CONCEPT_ID,plausibleGender,5,Male,4109081,Pain in penis,,,
PROCEDURE_OCCURRENCE,PROCEDURE_CONCEPT_ID,plausibleGender,5,Female,4127886,Hysterectomy,,,
CONDITION_OCCURRENCE,CONDITION_CONCEPT_ID,plausibleGender,5,Female,4128329,Menopause present,,,
CONDITION_OCCURRENCE,CONDITION_CONCEPT_ID,plausibleGender,5,Female,4129155,Vaginal bleeding,,,
PROCEDURE_OCCURRENCE,PROCEDURE_CONCEPT_ID,plausibleGender,5,Female,4138738,Vaginal hysterectomy,,,
CONDITION_OCCURRENCE,CONDITION_CONCEPT_ID,plausibleGender,5,Female,4140828,Acute vulvitis,,,
PROCEDURE_OCCURRENCE,PROCEDURE_CONCEPT_ID,plausibleGender,5,Female,4141940,Endometrial ablation,,,
CONDITION_OCCURRENCE,CONDITION_CONCEPT_ID,plausibleGender,5,Male,4143116,Azoospermia,,,
PROCEDURE_OCCURRENCE,PROCEDURE_CONCEPT_ID,plausibleGender,5,Female,4146777,Radical abdominal hysterectomy,,,
CONDITION_OCCURRENCE,CONDITION_CONCEPT_ID,plausibleGender,5,Male,4147021,"Contusion, scrotum or testis",,,
CONDITION_OCCURRENCE,CONDITION_CONCEPT_ID,plausibleGender,5,Female,4149084,Vaginitis,,,
CONDITION_OCCURRENCE,CONDITION_CONCEPT_ID,plausibleGender,5,Female,4150042,Vaginal ulcer,,,
CONDITION_OCCURRENCE,CONDITION_CONCEPT_ID,plausibleGender,5,Female,4150816,Bicornuate uterus,,,
CONDITION_OCCURRENCE,CONDITION_CONCEPT_ID,plausibleGender,5,Female,4155529,Mechanical complication of intrauterine contraceptive device,,,
CONDITION_OCCURRENCE,CONDITION_CONCEPT_ID,plausibleGender,5,Female,4156113,Malignant neoplasm of body of uterus,,,
PROCEDURE_OCCURRENCE,PROCEDURE_CONCEPT_ID,plausibleGender,5,Female,4161944,Low cervical cesarean section,,,
CONDITION_OCCURRENCE,CONDITION_CONCEPT_ID,plausibleGender,5,Female,4162860,Primary malignant neoplasm of body of uterus,,,
CONDITION_OCCURRENCE,CONDITION_CONCEPT_ID,plausibleGender,5,Male,4163261,Malignant tumor of prostate,,,
CONDITION_OCCURRENCE,CONDITION_CONCEPT_ID,plausibleGender,5,Female,4171394,Abnormal menstrual cycle,,,
CONDITION_OCCURRENCE,CONDITION_CONCEPT_ID,plausibleGender,5,Male,4171915,Orchitis,,,
CONDITION_OCCURRENCE,CONDITION_CONCEPT_ID,plausibleGender,5,Female,4180978,Vulvovaginitis,,,
PROCEDURE_OCCURRENCE,PROCEDURE_CONCEPT_ID,plausibleGender,5,Female,4181912,Cone biopsy of cervix,,,
CONDITION_OCCURRENCE,CONDITION_CONCEPT_ID,plausibleGender,5,Female,4194652,Pruritus of vulva,,,
CONDITION_OCCURRENCE,CONDITION_CONCEPT_ID,plausibleGender,5,Male,4199600,Candidal balanitis,,,
PROCEDURE_OCCURRENCE,PROCEDURE_CONCEPT_ID,plausibleGender,5,Male,4234536,Transurethral prostatectomy,,,
CONDITION_OCCURRENCE,CONDITION_CONCEPT_ID,plausibleGender,5,Male,4235215,Swelling of testicle,,,
PROCEDURE_OCCURRENCE,PROCEDURE_CONCEPT_ID,plausibleGender,5,Female,4238715,Removal of intrauterine device,,,
PROCEDURE_OCCURRENCE,PROCEDURE_CONCEPT_ID,plausibleGender,5,Female,4243919,Incision of ovary,,,
CONDITION_OCCURRENCE,CONDITION_CONCEPT_ID,plausibleGender,5,Male,4260520,Balanitis,,,
CONDITION_OCCURRENCE,CONDITION_CONCEPT_ID,plausibleGender,5,Male,4270932,Pain in testicle,,,
PROCEDURE_OCCURRENCE,PROCEDURE_CONCEPT_ID,plausibleGender,5,Female,4275113,Insertion of intrauterine contraceptive device,,,
CONDITION_OCCURRENCE,CONDITION_CONCEPT_ID,plausibleGender,5,Female,4279913,Primary ovarian failure,,,
CONDITION_OCCURRENCE,CONDITION_CONCEPT_ID,plausibleGender,5,Female,4281030,Secondary malignant neoplasm of right ovary,,,
CONDITION_OCCURRENCE,CONDITION_CONCEPT_ID,plausibleGender,5,Male,4294393,Ulcer of penis,,,
PROCEDURE_OCCURRENCE,PROCEDURE_CONCEPT_ID,plausibleGender,5,Female,4294805,Laparoscopic-assisted vaginal hysterectomy,,,
CONDITION_OCCURRENCE,CONDITION_CONCEPT_ID,plausibleGender,5,Female,4295261,Postmenopausal state,,,
CONDITION_OCCURRENCE,CONDITION_CONCEPT_ID,plausibleGender,5,Female,4303258,Bacterial vaginosis,,,
PROCEDURE_OCCURRENCE,PROCEDURE_CONCEPT_ID,plausibleGender,5,Female,4306780,Gynecologic examination,,,
PROCEDURE_OCCURRENCE,PROCEDURE_CONCEPT_ID,plausibleGender,5,Male,4310552,Orchidopexy,,,
CONDITION_OCCURRENCE,CONDITION_CONCEPT_ID,plausibleGender,5,Male,4320332,Hydrocele of tunica vaginalis,,,
PROCEDURE_OCCURRENCE,PROCEDURE_CONCEPT_ID,plausibleGender,5,Male,4321575,Lysis of penile adhesions,,,
PROCEDURE_OCCURRENCE,PROCEDURE_CONCEPT_ID,plausibleGender,5,Male,4330583,Vasectomy,,,
CONDITION_OCCURRENCE,CONDITION_CONCEPT_ID,plausibleGender,5,Male,4339088,Testicular mass,,,
CONDITION_OCCURRENCE,CONDITION_CONCEPT_ID,plausibleGender,5,Male,40481080,Benign localized hyperplasia of prostate,,,
CONDITION_OCCURRENCE,CONDITION_CONCEPT_ID,plausibleGender,5,Male,40482030,Dysplasia of prostate,,,
CONDITION_OCCURRENCE,CONDITION_CONCEPT_ID,plausibleGender,5,Female,40482406,Low lying placenta,,,
CONDITION_OCCURRENCE,CONDITION_CONCEPT_ID,plausibleGender,5,Female,40483613,Inflammatory disease of female genital structure,,,
CONDITION_OCCURRENCE,CONDITION_CONCEPT_ID,plausibleGender,5,Female,40490888,Herniation of rectum into vagina,,,
CONDITION_OCCURRENCE,CONDITION_CONCEPT_ID,plausibleGender,5,Male,42709954,Phimosis,,,
CONDITION_OCCURRENCE,CONDITION_CONCEPT_ID,plausibleGender,5,Female,45757415,Benign endometrial hyperplasia,,,
CONDITION_OCCURRENCE,CONDITION_CONCEPT_ID,plausibleGender,5,Male,45766654,Disorder of skin of penis,,,
CONDITION_OCCURRENCE,CONDITION_CONCEPT_ID,plausibleGender,5,Female,45770892,Primary malignant neoplasm of uterus,,,
CONDITION_OCCURRENCE,CONDITION_CONCEPT_ID,plausibleGender,5,Male,45772671,Nodular prostate without urinary obstruction,,,
CONDITION_OCCURRENCE,CONDITION_CONCEPT_ID,plausibleGenderUseDescendants,2,Male,"4090861, 4025213","Male genitalia finding, Male reproductive finding",,,
CONDITION_OCCURRENCE,CONDITION_CONCEPT_ID,plausibleGenderUseDescendants,2,Female,"4095793 , 443343, 4024004 , 4172857, 444094 , 197810, 4158481","Female genitalia finding, Disorder of intrauterine contraceptive device, Menopause finding, Disorder of female genital system, Malignant neoplasm of uterine adnexa, Finding related to pregnancy, Female reproductive finding",,,
PROCEDURE_OCCURRENCE,PROCEDURE_CONCEPT_ID,plausibleGenderUseDescendants,2,Female,4041261,Procedure on female genital system,,,
PROCEDURE_OCCURRENCE,PROCEDURE_CONCEPT_ID,plausibleGenderUseDescendants,2,Male,"4250917, 4077750, 4043199, 4040577","Operation on prostate, Operation on scrotum, Procedure on penis, Procedure on testis",,,
VISIT_OCCURRENCE,VISIT_CONCEPT_ID,isTemporallyConstant,,,9201,Inpatient visit,,,
VISIT_OCCURRENCE,VISIT_CONCEPT_ID,isTemporallyConstant,,,9202,Outpatient visit,,,
VISIT_OCCURRENCE,VISIT_CONCEPT_ID,isTemporallyConstant,,,9203,ER visit,,,
CONDITION_OCCURRENCE,CONDITION_CONCEPT_ID,isTemporallyConstant,,,80180,Osteoarthritis,,,
CONDITION_OCCURRENCE,CONDITION_CONCEPT_ID,isTemporallyConstant,,,80809,Rheumatoid arthritis,,,
CONDITION_OCCURRENCE,CONDITION_CONCEPT_ID,isTemporallyConstant,,,81893,Ulcerative colitis,,,
CONDITION_OCCURRENCE,CONDITION_CONCEPT_ID,isTemporallyConstant,,,81902,Urinary tract infectious disease,,,
CONDITION_OCCURRENCE,CONDITION_CONCEPT_ID,isTemporallyConstant,,,140168,Psoriasis,,,
CONDITION_OCCURRENCE,CONDITION_CONCEPT_ID,isTemporallyConstant,,,192671,Gastrointestinal hemorrhage,,,
CONDITION_OCCURRENCE,CONDITION_CONCEPT_ID,isTemporallyConstant,,,197494,Viral hepatitis C,,,
CONDITION_OCCURRENCE,CONDITION_CONCEPT_ID,isTemporallyConstant,,,197508,Malignant tumor of urinary bladder,,,
CONDITION_OCCURRENCE,CONDITION_CONCEPT_ID,isTemporallyConstant,,,200962,Primary malignant neoplasm of prostate,,,
CONDITION_OCCURRENCE,CONDITION_CONCEPT_ID,isTemporallyConstant,,,201606,Crohn's disease,,,
CONDITION_OCCURRENCE,CONDITION_CONCEPT_ID,isTemporallyConstant,,,201820,Diabetes mellitus,,,
CONDITION_OCCURRENCE,CONDITION_CONCEPT_ID,isTemporallyConstant,,,255573,Chronic obstructive lung disease,,,
CONDITION_OCCURRENCE,CONDITION_CONCEPT_ID,isTemporallyConstant,,,255848,Pneumonia,,,
CONDITION_OCCURRENCE,CONDITION_CONCEPT_ID,isTemporallyConstant,,,313217,Atrial fibrillation,,,
CONDITION_OCCURRENCE,CONDITION_CONCEPT_ID,isTemporallyConstant,,,316139,Heart failure,,,
CONDITION_OCCURRENCE,CONDITION_CONCEPT_ID,isTemporallyConstant,,,316866,Hypertensive disorder,,,
CONDITION_OCCURRENCE,CONDITION_CONCEPT_ID,isTemporallyConstant,,,317576,Coronary arteriosclerosis,,,
CONDITION_OCCURRENCE,CONDITION_CONCEPT_ID,isTemporallyConstant,,,318800,Gastroesophageal reflux disease,,,
CONDITION_OCCURRENCE,CONDITION_CONCEPT_ID,isTemporallyConstant,,,321052,Peripheral vascular disease,,,
CONDITION_OCCURRENCE,CONDITION_CONCEPT_ID,isTemporallyConstant,,,321588,Heart disease,,,
CONDITION_OCCURRENCE,CONDITION_CONCEPT_ID,isTemporallyConstant,,,381591,Cerebrovascular disease,,,
CONDITION_OCCURRENCE,CONDITION_CONCEPT_ID,isTemporallyConstant,,,432571,Malignant lymphoma,,,
CONDITION_OCCURRENCE,CONDITION_CONCEPT_ID,isTemporallyConstant,,,432867,Hyperlipidemia,,,
CONDITION_OCCURRENCE,CONDITION_CONCEPT_ID,isTemporallyConstant,,,433736,Obesity,,,
CONDITION_OCCURRENCE,CONDITION_CONCEPT_ID,isTemporallyConstant,,,435783,Schizophrenia,,,
CONDITION_OCCURRENCE,CONDITION_CONCEPT_ID,isTemporallyConstant,,,438409,Attention deficit hyperactivity disorder,,,
CONDITION_OCCURRENCE,CONDITION_CONCEPT_ID,isTemporallyConstant,,,439727,Human immunodeficiency virus infection,,,
CONDITION_OCCURRENCE,CONDITION_CONCEPT_ID,isTemporallyConstant,,,440383,Depressive disorder,,,
CONDITION_OCCURRENCE,CONDITION_CONCEPT_ID,isTemporallyConstant,,,440417,Pulmonary embolism,,,
CONDITION_OCCURRENCE,CONDITION_CONCEPT_ID,isTemporallyConstant,,,443388,Malignant tumor of lung,,,
CONDITION_OCCURRENCE,CONDITION_CONCEPT_ID,isTemporallyConstant,,,443392,Malignant neoplastic disease,,,
CONDITION_OCCURRENCE,CONDITION_CONCEPT_ID,isTemporallyConstant,,,444247,Venous thrombosis,,,
CONDITION_OCCURRENCE,CONDITION_CONCEPT_ID,isTemporallyConstant,,,4006969,Acute respiratory disease,,,
CONDITION_OCCURRENCE,CONDITION_CONCEPT_ID,isTemporallyConstant,,,4030518,Renal impairment,,,
CONDITION_OCCURRENCE,CONDITION_CONCEPT_ID,isTemporallyConstant,,,4044013,Hematologic neoplasm,,,
CONDITION_OCCURRENCE,CONDITION_CONCEPT_ID,isTemporallyConstant,,,4104000,Lesion of liver,,,
CONDITION_OCCURRENCE,CONDITION_CONCEPT_ID,isTemporallyConstant,,,4112853,Malignant tumor of breast,,,
CONDITION_OCCURRENCE,CONDITION_CONCEPT_ID,isTemporallyConstant,,,4134440,Visual system disorder,,,
CONDITION_OCCURRENCE,CONDITION_CONCEPT_ID,isTemporallyConstant,,,4180790,Malignant tumor of colon,,,
CONDITION_OCCURRENCE,CONDITION_CONCEPT_ID,isTemporallyConstant,,,4182210,Dementia,,,
CONDITION_OCCURRENCE,CONDITION_CONCEPT_ID,isTemporallyConstant,,,4185932,Ischemic heart disease,,,
CONDITION_OCCURRENCE,CONDITION_CONCEPT_ID,isTemporallyConstant,,,4212540,Chronic liver disease,,,
CONDITION_OCCURRENCE,CONDITION_CONCEPT_ID,isTemporallyConstant,,,4279309,Substance abuse,,,
CONDITION_OCCURRENCE,CONDITION_CONCEPT_ID,isTemporallyConstant,,,40481902,Malignant neoplasm of anorectum,,,
CONDITION_OCCURRENCE,CONDITION_CONCEPT_ID,validPrevalenceLow,,0.0584,80180,Osteoarthritis,,,
CONDITION_OCCURRENCE,CONDITION_CONCEPT_ID,validPrevalenceLow,,0.0045,80809,Rheumatoid arthritis,,,
CONDITION_OCCURRENCE,CONDITION_CONCEPT_ID,validPrevalenceLow,,0.0014,81893,Ulcerative colitis,,,
CONDITION_OCCURRENCE,CONDITION_CONCEPT_ID,validPrevalenceLow,,0.0412,81902,Urinary tract infectious disease,,,
CONDITION_OCCURRENCE,CONDITION_CONCEPT_ID,validPrevalenceLow,,0.0055,140168,Psoriasis,,,
CONDITION_OCCURRENCE,CONDITION_CONCEPT_ID,validPrevalenceLow,,0.0135,192671,Gastrointestinal hemorrhage,,,
CONDITION_OCCURRENCE,CONDITION_CONCEPT_ID,validPrevalenceLow,,0.0017,197494,Viral hepatitis C,,,
CONDITION_OCCURRENCE,CONDITION_CONCEPT_ID,validPrevalenceLow,,0.0013,197508,Malignant tumor of urinary bladder,,,
CONDITION_OCCURRENCE,CONDITION_CONCEPT_ID,validPrevalenceLow,,0.0052,200962,Primary malignant neoplasm of prostate,,,
CONDITION_OCCURRENCE,CONDITION_CONCEPT_ID,validPrevalenceLow,,0.0012,201606,Crohn's disease,,,
CONDITION_OCCURRENCE,CONDITION_CONCEPT_ID,validPrevalenceLow,,0.039,201820,Diabetes mellitus,,,
CONDITION_OCCURRENCE,CONDITION_CONCEPT_ID,validPrevalenceLow,,0.0194,255573,Chronic obstructive lung disease,,,
CONDITION_OCCURRENCE,CONDITION_CONCEPT_ID,validPrevalenceLow,,0.0218,255848,Pneumonia,,,
CONDITION_OCCURRENCE,CONDITION_CONCEPT_ID,validPrevalenceLow,,0.0128,313217,Atrial fibrillation,,,
CONDITION_OCCURRENCE,CONDITION_CONCEPT_ID,validPrevalenceLow,,0.0161,316139,Heart failure,,,
CONDITION_OCCURRENCE,CONDITION_CONCEPT_ID,validPrevalenceLow,,0.0913,316866,Hypertensive disorder,,,
CONDITION_OCCURRENCE,CONDITION_CONCEPT_ID,validPrevalenceLow,,0.0206,317576,Coronary arteriosclerosis,,,
CONDITION_OCCURRENCE,CONDITION_CONCEPT_ID,validPrevalenceLow,,0.0337,318800,Gastroesophageal reflux disease,,,
CONDITION_OCCURRENCE,CONDITION_CONCEPT_ID,validPrevalenceLow,,0.0426,321052,Peripheral vascular disease,,,
CONDITION_OCCURRENCE,CONDITION_CONCEPT_ID,validPrevalenceLow,,0.061,321588,Heart disease,,,
CONDITION_OCCURRENCE,CONDITION_CONCEPT_ID,validPrevalenceLow,,0.0142,381591,Cerebrovascular disease,,,
CONDITION_OCCURRENCE,CONDITION_CONCEPT_ID,validPrevalenceLow,,0.0016,432571,Malignant lymphoma,,,
CONDITION_OCCURRENCE,CONDITION_CONCEPT_ID,validPrevalenceLow,,0.0712,432867,Hyperlipidemia,,,
CONDITION_OCCURRENCE,CONDITION_CONCEPT_ID,validPrevalenceLow,,0.038,433736,Obesity,,,
CONDITION_OCCURRENCE,CONDITION_CONCEPT_ID,validPrevalenceLow,,0.0021,435783,Schizophrenia,,,
CONDITION_OCCURRENCE,CONDITION_CONCEPT_ID,validPrevalenceLow,,0.0078,438409,Attention deficit hyperactivity disorder,,,
CONDITION_OCCURRENCE,CONDITION_CONCEPT_ID,validPrevalenceLow,,0.0006,439727,Human immunodeficiency virus infection,,,
CONDITION_OCCURRENCE,CONDITION_CONCEPT_ID,validPrevalenceLow,,0.0392,440383,Depressive disorder,,,
CONDITION_OCCURRENCE,CONDITION_CONCEPT_ID,validPrevalenceLow,,0.0024,440417,Pulmonary embolism,,,
CONDITION_OCCURRENCE,CONDITION_CONCEPT_ID,validPrevalenceLow,,0.0021,443388,Malignant tumor of lung,,,
CONDITION_OCCURRENCE,CONDITION_CONCEPT_ID,validPrevalenceLow,,0.0326,443392,Malignant neoplastic disease,,,
CONDITION_OCCURRENCE,CONDITION_CONCEPT_ID,validPrevalenceLow,,0.0082,444247,Venous thrombosis,,,
CONDITION_OCCURRENCE,CONDITION_CONCEPT_ID,validPrevalenceLow,,0.1703,4006969,Acute respiratory disease,,,
CONDITION_OCCURRENCE,CONDITION_CONCEPT_ID,validPrevalenceLow,,0.0174,4030518,Renal impairment,,,
CONDITION_OCCURRENCE,CONDITION_CONCEPT_ID,validPrevalenceLow,,0.0037,4044013,Hematologic neoplasm,,,
CONDITION_OCCURRENCE,CONDITION_CONCEPT_ID,validPrevalenceLow,,0.0029,4104000,Lesion of liver,,,
CONDITION_OCCURRENCE,CONDITION_CONCEPT_ID,validPrevalenceLow,,0.0047,4112853,Malignant tumor of breast,,,
CONDITION_OCCURRENCE,CONDITION_CONCEPT_ID,validPrevalenceLow,,0.1181,4134440,Visual system disorder,,,
CONDITION_OCCURRENCE,CONDITION_CONCEPT_ID,validPrevalenceLow,,0.0019,4180790,Malignant tumor of colon,,,
CONDITION_OCCURRENCE,CONDITION_CONCEPT_ID,validPrevalenceLow,,0.0086,4182210,Dementia,,,
CONDITION_OCCURRENCE,CONDITION_CONCEPT_ID,validPrevalenceLow,,0.0201,4185932,Ischemic heart disease,,,
CONDITION_OCCURRENCE,CONDITION_CONCEPT_ID,validPrevalenceLow,,0.0053,4212540,Chronic liver disease,,,
CONDITION_OCCURRENCE,CONDITION_CONCEPT_ID,validPrevalenceLow,,0.0063,4279309,Substance abuse,,,
CONDITION_OCCURRENCE,CONDITION_CONCEPT_ID,validPrevalenceLow,,0.001,40481902,Malignant neoplasm of anorectum,,,
CONDITION_OCCURRENCE,CONDITION_CONCEPT_ID,validPrevalenceHigh,,0.5252,80180,Osteoarthritis,,,
CONDITION_OCCURRENCE,CONDITION_CONCEPT_ID,validPrevalenceHigh,,0.0405,80809,Rheumatoid arthritis,,,
CONDITION_OCCURRENCE,CONDITION_CONCEPT_ID,validPrevalenceHigh,,0.0128,81893,Ulcerative colitis,,,
CONDITION_OCCURRENCE,CONDITION_CONCEPT_ID,validPrevalenceHigh,,0.371,81902,Urinary tract infectious disease,,,
CONDITION_OCCURRENCE,CONDITION_CONCEPT_ID,validPrevalenceHigh,,0.0494,140168,Psoriasis,,,
CONDITION_OCCURRENCE,CONDITION_CONCEPT_ID,validPrevalenceHigh,,0.1219,192671,Gastrointestinal hemorrhage,,,
CONDITION_OCCURRENCE,CONDITION_CONCEPT_ID,validPrevalenceHigh,,0.0155,197494,Viral hepatitis C,,,
CONDITION_OCCURRENCE,CONDITION_CONCEPT_ID,validPrevalenceHigh,,0.0113,197508,Malignant tumor of urinary bladder,,,
CONDITION_OCCURRENCE,CONDITION_CONCEPT_ID,validPrevalenceHigh,,0.0471,200962,Primary malignant neoplasm of prostate,,,
CONDITION_OCCURRENCE,CONDITION_CONCEPT_ID,validPrevalenceHigh,,0.0112,201606,Crohn's disease,,,
CONDITION_OCCURRENCE,CONDITION_CONCEPT_ID,validPrevalenceHigh,,0.3514,201820,Diabetes mellitus,,,
CONDITION_OCCURRENCE,CONDITION_CONCEPT_ID,validPrevalenceHigh,,0.1742,255573,Chronic obstructive lung disease,,,
CONDITION_OCCURRENCE,CONDITION_CONCEPT_ID,validPrevalenceHigh,,0.1966,255848,Pneumonia,,,
CONDITION_OCCURRENCE,CONDITION_CONCEPT_ID,validPrevalenceHigh,,0.1155,313217,Atrial fibrillation,,,
CONDITION_OCCURRENCE,CONDITION_CONCEPT_ID,validPrevalenceHigh,,0.1452,316139,Heart failure,,,
CONDITION_OCCURRENCE,CONDITION_CONCEPT_ID,validPrevalenceHigh,,0.8215,316866,Hypertensive disorder,,,
CONDITION_OCCURRENCE,CONDITION_CONCEPT_ID,validPrevalenceHigh,,0.1852,317576,Coronary arteriosclerosis,,,
CONDITION_OCCURRENCE,CONDITION_CONCEPT_ID,validPrevalenceHigh,,0.3033,318800,Gastroesophageal reflux disease,,,
CONDITION_OCCURRENCE,CONDITION_CONCEPT_ID,validPrevalenceHigh,,0.3832,321052,Peripheral vascular disease,,,
CONDITION_OCCURRENCE,CONDITION_CONCEPT_ID,validPrevalenceHigh,,0.5491,321588,Heart disease,,,
CONDITION_OCCURRENCE,CONDITION_CONCEPT_ID,validPrevalenceHigh,,0.1274,381591,Cerebrovascular disease,,,
CONDITION_OCCURRENCE,CONDITION_CONCEPT_ID,validPrevalenceHigh,,0.0143,432571,Malignant lymphoma,,,
CONDITION_OCCURRENCE,CONDITION_CONCEPT_ID,validPrevalenceHigh,,0.6412,432867,Hyperlipidemia,,,
CONDITION_OCCURRENCE,CONDITION_CONCEPT_ID,validPrevalenceHigh,,0.3422,433736,Obesity,,,
CONDITION_OCCURRENCE,CONDITION_CONCEPT_ID,validPrevalenceHigh,,0.0186,435783,Schizophrenia,,,
CONDITION_OCCURRENCE,CONDITION_CONCEPT_ID,validPrevalenceHigh,,0.0706,438409,Attention deficit hyperactivity disorder,,,
CONDITION_OCCURRENCE,CONDITION_CONCEPT_ID,validPrevalenceHigh,,0.0057,439727,Human immunodeficiency virus infection,,,
CONDITION_OCCURRENCE,CONDITION_CONCEPT_ID,validPrevalenceHigh,,0.3531,440383,Depressive disorder,,,
CONDITION_OCCURRENCE,CONDITION_CONCEPT_ID,validPrevalenceHigh,,0.022,440417,Pulmonary embolism,,,
CONDITION_OCCURRENCE,CONDITION_CONCEPT_ID,validPrevalenceHigh,,0.0185,443388,Malignant tumor of lung,,,
CONDITION_OCCURRENCE,CONDITION_CONCEPT_ID,validPrevalenceHigh,,0.2932,443392,Malignant neoplastic disease,,,
CONDITION_OCCURRENCE,CONDITION_CONCEPT_ID,validPrevalenceHigh,,0.0737,444247,Venous thrombosis,,,
CONDITION_OCCURRENCE,CONDITION_CONCEPT_ID,validPrevalenceHigh,,1,4006969,Acute respiratory disease,,,
CONDITION_OCCURRENCE,CONDITION_CONCEPT_ID,validPrevalenceHigh,,0.1568,4030518,Renal impairment,,,
CONDITION_OCCURRENCE,CONDITION_CONCEPT_ID,validPrevalenceHigh,,0.0331,4044013,Hematologic neoplasm,,,
CONDITION_OCCURRENCE,CONDITION_CONCEPT_ID,validPrevalenceHigh,,0.0265,4104000,Lesion of liver,,,
CONDITION_OCCURRENCE,CONDITION_CONCEPT_ID,validPrevalenceHigh,,0.0421,4112853,Malignant tumor of breast,,,
CONDITION_OCCURRENCE,CONDITION_CONCEPT_ID,validPrevalenceHigh,,1,4134440,Visual system disorder,,,
CONDITION_OCCURRENCE,CONDITION_CONCEPT_ID,validPrevalenceHigh,,0.0173,4180790,Malignant tumor of colon,,,
CONDITION_OCCURRENCE,CONDITION_CONCEPT_ID,validPrevalenceHigh,,0.0773,4182210,Dementia,,,
CONDITION_OCCURRENCE,CONDITION_CONCEPT_ID,validPrevalenceHigh,,0.1813,4185932,Ischemic heart disease,,,
CONDITION_OCCURRENCE,CONDITION_CONCEPT_ID,validPrevalenceHigh,,0.0476,4212540,Chronic liver disease,,,
CONDITION_OCCURRENCE,CONDITION_CONCEPT_ID,validPrevalenceHigh,,0.0568,4279309,Substance abuse,,,
CONDITION_OCCURRENCE,CONDITION_CONCEPT_ID,validPrevalenceHigh,,0.0089,40481902,Malignant neoplasm of anorectum,,,
MEASUREMENT,MEASUREMENT_CONCEPT_ID,plausibleUnitConceptIds,5,"8784,8848,8961,9444",3006315,Basophils [#/volume] in Blood,,,Approved UNIT_CONCEPT_IDs for the given MEASUREMENT_CONCEPT_ID
MEASUREMENT,MEASUREMENT_CONCEPT_ID,plausibleUnitConceptIds,5,"8554,8737,9225,9579",3004410,Hemoglobin A1c/Hemoglobin.total in Blood,,,Approved UNIT_CONCEPT_IDs for the given MEASUREMENT_CONCEPT_ID
MEASUREMENT,MEASUREMENT_CONCEPT_ID,plausibleUnitConceptIds,5,"8784,8848,8961,9444",40487382,Total lymphocyte count,,,Approved UNIT_CONCEPT_IDs for the given MEASUREMENT_CONCEPT_ID
MEASUREMENT,MEASUREMENT_CONCEPT_ID,plausibleUnitConceptIds,5,"8645,8923",3013721,Aspartate aminotransferase [Enzymatic activity/volume] in Serum or Plasma,,,Approved UNIT_CONCEPT_IDs for the given MEASUREMENT_CONCEPT_ID
MEASUREMENT,MEASUREMENT_CONCEPT_ID,plausibleUnitConceptIds,5,"8784,8848,8961,9444",3019198,Lymphocytes [#/volume] in Blood,,,Approved UNIT_CONCEPT_IDs for the given MEASUREMENT_CONCEPT_ID
MEASUREMENT,MEASUREMENT_CONCEPT_ID,plausibleUnitConceptIds,5,8555,3034426,Prothrombin time (PT),,,Approved UNIT_CONCEPT_IDs for the given MEASUREMENT_CONCEPT_ID
MEASUREMENT,MEASUREMENT_CONCEPT_ID,plausibleUnitConceptIds,5,8713,3043688,Hemoglobin [Mass/volume] in Body fluid,,,Approved UNIT_CONCEPT_IDs for the given MEASUREMENT_CONCEPT_ID
MEASUREMENT,MEASUREMENT_CONCEPT_ID,plausibleUnitConceptIds,5,"8523,8554,8596,-1",3046485,Urea nitrogen/Creatinine [Mass Ratio] in Blood,,,Approved UNIT_CONCEPT_IDs for the given MEASUREMENT_CONCEPT_ID
MEASUREMENT,MEASUREMENT_CONCEPT_ID,plausibleUnitConceptIds,5,"8784,8848,8961,9444",4216098,Eosinophil count,,,Approved UNIT_CONCEPT_IDs for the given MEASUREMENT_CONCEPT_ID
MEASUREMENT,MEASUREMENT_CONCEPT_ID,plausibleUnitConceptIds,5,"8736,8753,9557",4245152,Potassium measurement,,,Approved UNIT_CONCEPT_IDs for the given MEASUREMENT_CONCEPT_ID
MEASUREMENT,MEASUREMENT_CONCEPT_ID,plausibleUnitConceptIds,5,-1,43055141,Pain severity - 0-10 verbal numeric rating [Score] - Reported,,,Approved UNIT_CONCEPT_IDs for the given MEASUREMENT_CONCEPT_ID
MEASUREMENT,MEASUREMENT_CONCEPT_ID,plausibleUnitConceptIds,5,"8645,8923",3006923,Alanine aminotransferase [Enzymatic activity/volume] in Serum or Plasma,,,Approved UNIT_CONCEPT_IDs for the given MEASUREMENT_CONCEPT_ID
MEASUREMENT,MEASUREMENT_CONCEPT_ID,plausibleUnitConceptIds,5,8837,3021044,Iron binding capacity [Mass/volume] in Serum or Plasma,,,Approved UNIT_CONCEPT_IDs for the given MEASUREMENT_CONCEPT_ID
MEASUREMENT,MEASUREMENT_CONCEPT_ID,plausibleUnitConceptIds,5,"8483,8541",3024171,Respiratory rate,,,Approved UNIT_CONCEPT_IDs for the given MEASUREMENT_CONCEPT_ID
MEASUREMENT,MEASUREMENT_CONCEPT_ID,plausibleUnitConceptIds,5,8840,3027114,Cholesterol [Mass/volume] in Serum or Plasma,,,Approved UNIT_CONCEPT_IDs for the given MEASUREMENT_CONCEPT_ID
MEASUREMENT,MEASUREMENT_CONCEPT_ID,plausibleUnitConceptIds,5,"8554,-1",40762499,Oxygen saturation in Arterial blood by Pulse oximetry,,,Approved UNIT_CONCEPT_IDs for the given MEASUREMENT_CONCEPT_ID
MEASUREMENT,MEASUREMENT_CONCEPT_ID,plausibleUnitConceptIds,5,"8636,8713",3000963,Hemoglobin [Mass/volume] in Blood,,,Approved UNIT_CONCEPT_IDs for the given MEASUREMENT_CONCEPT_ID
MEASUREMENT,MEASUREMENT_CONCEPT_ID,plausibleUnitConceptIds,5,"8848,8961,9444",3001604,Monocytes [#/volume] in Blood,,,Approved UNIT_CONCEPT_IDs for the given MEASUREMENT_CONCEPT_ID
MEASUREMENT,MEASUREMENT_CONCEPT_ID,plausibleUnitConceptIds,5,8554,3019069,Monocytes/100 leukocytes in Blood,,,Approved UNIT_CONCEPT_IDs for the given MEASUREMENT_CONCEPT_ID
MEASUREMENT,MEASUREMENT_CONCEPT_ID,plausibleUnitConceptIds,5,8765,3022509,Hyaline casts [#/area] in Urine sediment by Microscopy low power field,,,Approved UNIT_CONCEPT_IDs for the given MEASUREMENT_CONCEPT_ID
MEASUREMENT,MEASUREMENT_CONCEPT_ID,plausibleUnitConceptIds,5,"8840,9028",3028288,Cholesterol in LDL [Mass/volume] in Serum or Plasma by calculation,,,Approved UNIT_CONCEPT_IDs for the given MEASUREMENT_CONCEPT_ID
MEASUREMENT,MEASUREMENT_CONCEPT_ID,plausibleUnitConceptIds,5,"8784,8848,8961,8848,9444",4148615,Neutrophil count,,,Approved UNIT_CONCEPT_IDs for the given MEASUREMENT_CONCEPT_ID
MEASUREMENT,MEASUREMENT_CONCEPT_ID,plausibleUnitConceptIds,5,"720870,8795",44806420,Estimation of glomerular filtration rate,,,Approved UNIT_CONCEPT_IDs for the given MEASUREMENT_CONCEPT_ID
MEASUREMENT,MEASUREMENT_CONCEPT_ID,plausibleUnitConceptIds,5,"8840,9028",3028437,Cholesterol in LDL [Mass/volume] in Serum or Plasma,,,Approved UNIT_CONCEPT_IDs for the given MEASUREMENT_CONCEPT_ID
MEASUREMENT,MEASUREMENT_CONCEPT_ID,plausibleUnitConceptIds,5,8837,3016991,Thyroxine (T4) [Mass/volume] in Serum or Plasma,,,Approved UNIT_CONCEPT_IDs for the given MEASUREMENT_CONCEPT_ID
MEASUREMENT,MEASUREMENT_CONCEPT_ID,plausibleUnitConceptIds,5,"8820,8845",3026925,Triiodothyronine (T3) Free [Mass/volume] in Serum or Plasma,,,Approved UNIT_CONCEPT_IDs for the given MEASUREMENT_CONCEPT_ID
MEASUREMENT,MEASUREMENT_CONCEPT_ID,plausibleUnitConceptIds,5,"8784,8816,8848,8961,9436,9444",3028615,Eosinophils [#/volume] in Blood by Automated count,,,Approved UNIT_CONCEPT_IDs for the given MEASUREMENT_CONCEPT_ID
MEASUREMENT,MEASUREMENT_CONCEPT_ID,plausibleUnitConceptIds,5,8786,3051205,Crystals [#/area] in Urine sediment by Microscopy high power field,,,Approved UNIT_CONCEPT_IDs for the given MEASUREMENT_CONCEPT_ID
MEASUREMENT,MEASUREMENT_CONCEPT_ID,plausibleUnitConceptIds,5,8554,4098046,Pulse oximetry,,,Approved UNIT_CONCEPT_IDs for the given MEASUREMENT_CONCEPT_ID
MEASUREMENT,MEASUREMENT_CONCEPT_ID,plausibleUnitConceptIds,5,"8840,9028",3005131,Glucose mean value [Mass/volume] in Blood Estimated from glycated hemoglobin,,,Approved UNIT_CONCEPT_IDs for the given MEASUREMENT_CONCEPT_ID
MEASUREMENT,MEASUREMENT_CONCEPT_ID,plausibleUnitConceptIds,5,"8523,8529,8554,8596,8606,-1",3011163,Cholesterol.total/Cholesterol in HDL [Mass Ratio] in Serum or Plasma,,,Approved UNIT_CONCEPT_IDs for the given MEASUREMENT_CONCEPT_ID
MEASUREMENT,MEASUREMENT_CONCEPT_ID,plausibleUnitConceptIds,5,"8576,8840,9028",3044491,Cholesterol non HDL [Mass/volume] in Serum or Plasma,,,Approved UNIT_CONCEPT_IDs for the given MEASUREMENT_CONCEPT_ID
MEASUREMENT,MEASUREMENT_CONCEPT_ID,plausibleUnitConceptIds,5,"8753,8840",4017361,Blood urea nitrogen measurement,,,Approved UNIT_CONCEPT_IDs for the given MEASUREMENT_CONCEPT_ID
MEASUREMENT,MEASUREMENT_CONCEPT_ID,plausibleUnitConceptIds,5,8554,3006504,Eosinophils/100 leukocytes in Blood,,,Approved UNIT_CONCEPT_IDs for the given MEASUREMENT_CONCEPT_ID
MEASUREMENT,MEASUREMENT_CONCEPT_ID,plausibleUnitConceptIds,5,8840,3000483,Glucose [Mass/volume] in Blood,,,Approved UNIT_CONCEPT_IDs for the given MEASUREMENT_CONCEPT_ID
MEASUREMENT,MEASUREMENT_CONCEPT_ID,plausibleUnitConceptIds,5,"8523,-1",3033543,Specific gravity of Urine,,,Approved UNIT_CONCEPT_IDs for the given MEASUREMENT_CONCEPT_ID
MEASUREMENT,MEASUREMENT_CONCEPT_ID,plausibleUnitConceptIds,5,"8753,9557",3045716,Anion gap in Serum or Plasma,,,Approved UNIT_CONCEPT_IDs for the given MEASUREMENT_CONCEPT_ID
MEASUREMENT,MEASUREMENT_CONCEPT_ID,plausibleUnitConceptIds,5,"8636,8736,8753,8840",4101713,High density lipoprotein cholesterol measurement,,,Approved UNIT_CONCEPT_IDs for the given MEASUREMENT_CONCEPT_ID
MEASUREMENT,MEASUREMENT_CONCEPT_ID,plausibleUnitConceptIds,5,"8753,9557",4103762,Anion gap measurement,,,Approved UNIT_CONCEPT_IDs for the given MEASUREMENT_CONCEPT_ID
MEASUREMENT,MEASUREMENT_CONCEPT_ID,plausibleUnitConceptIds,5,"8765,8786,8889",3001008,Epithelial cells.squamous [#/area] in Urine sediment by Microscopy high power field,,,Approved UNIT_CONCEPT_IDs for the given MEASUREMENT_CONCEPT_ID
MEASUREMENT,MEASUREMENT_CONCEPT_ID,plausibleUnitConceptIds,5,"8564,8636,8713",3009744,MCHC [Mass/volume] by Automated count,,,Approved UNIT_CONCEPT_IDs for the given MEASUREMENT_CONCEPT_ID
MEASUREMENT,MEASUREMENT_CONCEPT_ID,plausibleUnitConceptIds,5,"8848,8961,9444",3013115,Eosinophils [#/volume] in Blood,,,Approved UNIT_CONCEPT_IDs for the given MEASUREMENT_CONCEPT_ID
MEASUREMENT,MEASUREMENT_CONCEPT_ID,plausibleUnitConceptIds,5,"8753,9557",3019550,Sodium [Moles/volume] in Serum or Plasma,,,Approved UNIT_CONCEPT_IDs for the given MEASUREMENT_CONCEPT_ID
MEASUREMENT,MEASUREMENT_CONCEPT_ID,plausibleUnitConceptIds,5,"44777575,8734,8815",3020416,Erythrocytes [#/volume] in Blood by Automated count,,,Approved UNIT_CONCEPT_IDs for the given MEASUREMENT_CONCEPT_ID
MEASUREMENT,MEASUREMENT_CONCEPT_ID,plausibleUnitConceptIds,5,"8786,8889",3035583,Leukocytes [#/area] in Urine sediment by Microscopy high power field,,,Approved UNIT_CONCEPT_IDs for the given MEASUREMENT_CONCEPT_ID
MEASUREMENT,MEASUREMENT_CONCEPT_ID,plausibleUnitConceptIds,5,"8645,8923",3035995,Alkaline phosphatase [Enzymatic activity/volume] in Serum or Plasma,,,Approved UNIT_CONCEPT_IDs for the given MEASUREMENT_CONCEPT_ID
MEASUREMENT,MEASUREMENT_CONCEPT_ID,plausibleUnitConceptIds,5,9531,3038553,Body mass index (BMI) [Ratio],,,Approved UNIT_CONCEPT_IDs for the given MEASUREMENT_CONCEPT_ID
MEASUREMENT,MEASUREMENT_CONCEPT_ID,plausibleUnitConceptIds,5,8876,35610320,Diastolic arterial pressure,,,Approved UNIT_CONCEPT_IDs for the given MEASUREMENT_CONCEPT_ID
MEASUREMENT,MEASUREMENT_CONCEPT_ID,plausibleUnitConceptIds,5,"8784,8848,8961,9444",3001490,Nucleated erythrocytes [#/volume] in Blood,,,Approved UNIT_CONCEPT_IDs for the given MEASUREMENT_CONCEPT_ID
MEASUREMENT,MEASUREMENT_CONCEPT_ID,plausibleUnitConceptIds,5,"8523,8554,8596,-1",4195214,Cholesterol/HDL ratio measurement,,,Approved UNIT_CONCEPT_IDs for the given MEASUREMENT_CONCEPT_ID
MEASUREMENT,MEASUREMENT_CONCEPT_ID,plausibleUnitConceptIds,5,"720870,8795",36306178,"Glomerular filtration rate/1.73 sq M.predicted among blacks [Volume Rate/Area] in Serum, Plasma or Blood by Creatinine-based formula (CKD-EPI)",,,Approved UNIT_CONCEPT_IDs for the given MEASUREMENT_CONCEPT_ID
MEASUREMENT,MEASUREMENT_CONCEPT_ID,plausibleUnitConceptIds,5,"8636,8713,8554,8753",37393850,MCHC - Mean corpuscular haemoglobin concentration,,,Approved UNIT_CONCEPT_IDs for the given MEASUREMENT_CONCEPT_ID
MEASUREMENT,MEASUREMENT_CONCEPT_ID,plausibleUnitConceptIds,5,"8840,8753",3004501,Glucose [Mass/volume] in Serum or Plasma,,,Approved UNIT_CONCEPT_IDs for the given MEASUREMENT_CONCEPT_ID
MEASUREMENT,MEASUREMENT_CONCEPT_ID,plausibleUnitConceptIds,5,8817,3008598,Thyroxine (T4) free [Mass/volume] in Serum or Plasma,,,Approved UNIT_CONCEPT_IDs for the given MEASUREMENT_CONCEPT_ID
MEASUREMENT,MEASUREMENT_CONCEPT_ID,plausibleUnitConceptIds,5,"8554,-1",3018010,Neutrophils/100 leukocytes in Blood,,,Approved UNIT_CONCEPT_IDs for the given MEASUREMENT_CONCEPT_ID
MEASUREMENT,MEASUREMENT_CONCEPT_ID,plausibleUnitConceptIds,5,"8840,8753",3022192,Triglyceride [Mass/volume] in Serum or Plasma,,,Approved UNIT_CONCEPT_IDs for the given MEASUREMENT_CONCEPT_ID
MEASUREMENT,MEASUREMENT_CONCEPT_ID,plausibleUnitConceptIds,5,"9448,-1",4151768,Pack years,,,Approved UNIT_CONCEPT_IDs for the given MEASUREMENT_CONCEPT_ID
MEASUREMENT,MEASUREMENT_CONCEPT_ID,plausibleUnitConceptIds,5,"8719,9040,9093,44777578,8750,8923,44777583",4197602,Serum TSH measurement,,,Approved UNIT_CONCEPT_IDs for the given MEASUREMENT_CONCEPT_ID
MEASUREMENT,MEASUREMENT_CONCEPT_ID,plausibleUnitConceptIds,5,"720870,8795",46236952,"Glomerular filtration rate/1.73 sq M.predicted [Volume Rate/Area] in Serum, Plasma or Blood by Creatinine-based formula (MDRD)",,,Approved UNIT_CONCEPT_IDs for the given MEASUREMENT_CONCEPT_ID
MEASUREMENT,MEASUREMENT_CONCEPT_ID,plausibleUnitConceptIds,5,8840,3006906,Calcium [Mass/volume] in Serum or Plasma,,,Approved UNIT_CONCEPT_IDs for the given MEASUREMENT_CONCEPT_ID
MEASUREMENT,MEASUREMENT_CONCEPT_ID,plausibleUnitConceptIds,5,8840,3007070,Cholesterol in HDL [Mass/volume] in Serum or Plasma,,,Approved UNIT_CONCEPT_IDs for the given MEASUREMENT_CONCEPT_ID
MEASUREMENT,MEASUREMENT_CONCEPT_ID,plausibleUnitConceptIds,5,"8751,8840",3020460,C reactive protein [Mass/volume] in Serum or Plasma,,,Approved UNIT_CONCEPT_IDs for the given MEASUREMENT_CONCEPT_ID
MEASUREMENT,MEASUREMENT_CONCEPT_ID,plausibleUnitConceptIds,5,"44777604,8554",3023314,Hematocrit [Volume Fraction] of Blood by Automated count,,,Approved UNIT_CONCEPT_IDs for the given MEASUREMENT_CONCEPT_ID
MEASUREMENT,MEASUREMENT_CONCEPT_ID,plausibleUnitConceptIds,5,"8564,9655",3035941,MCH [Entitic mass],,,Approved UNIT_CONCEPT_IDs for the given MEASUREMENT_CONCEPT_ID
MEASUREMENT,MEASUREMENT_CONCEPT_ID,plausibleUnitConceptIds,5,8840,3037072,Urobilinogen [Mass/volume] in Urine by Test strip,,,Approved UNIT_CONCEPT_IDs for the given MEASUREMENT_CONCEPT_ID
MEASUREMENT,MEASUREMENT_CONCEPT_ID,plausibleUnitConceptIds,5,"44777604,8554,8523",4151358,Hematocrit determination,,,Approved UNIT_CONCEPT_IDs for the given MEASUREMENT_CONCEPT_ID
MEASUREMENT,MEASUREMENT_CONCEPT_ID,plausibleUnitConceptIds,5,"8784,8848,8961,9444",4194332,Monocyte count,,,Approved UNIT_CONCEPT_IDs for the given MEASUREMENT_CONCEPT_ID
MEASUREMENT,MEASUREMENT_CONCEPT_ID,plausibleUnitConceptIds,5,8583,3001123,Platelet mean volume [Entitic volume] in Blood,,,Approved UNIT_CONCEPT_IDs for the given MEASUREMENT_CONCEPT_ID
MEASUREMENT,MEASUREMENT_CONCEPT_ID,plausibleUnitConceptIds,5,8876,3012888,Diastolic blood pressure,,,Approved UNIT_CONCEPT_IDs for the given MEASUREMENT_CONCEPT_ID
MEASUREMENT,MEASUREMENT_CONCEPT_ID,plausibleUnitConceptIds,5,8752,3013707,Erythrocyte sedimentation rate by Westergren method,,,Approved UNIT_CONCEPT_IDs for the given MEASUREMENT_CONCEPT_ID
MEASUREMENT,MEASUREMENT_CONCEPT_ID,plausibleUnitConceptIds,5,8554,3037511,Lymphocytes/100 leukocytes in Blood by Automated count,,,Approved UNIT_CONCEPT_IDs for the given MEASUREMENT_CONCEPT_ID
MEASUREMENT,MEASUREMENT_CONCEPT_ID,plausibleUnitConceptIds,5,"8848,8961,9444",3040168,Immature granulocytes [#/volume] in Blood,,,Approved UNIT_CONCEPT_IDs for the given MEASUREMENT_CONCEPT_ID
MEASUREMENT,MEASUREMENT_CONCEPT_ID,plausibleUnitConceptIds,5,"8753,9557",4097430,Sodium measurement,,,Approved UNIT_CONCEPT_IDs for the given MEASUREMENT_CONCEPT_ID
MEASUREMENT,MEASUREMENT_CONCEPT_ID,plausibleUnitConceptIds,5,8617,3005424,Body surface area,,,Approved UNIT_CONCEPT_IDs for the given MEASUREMENT_CONCEPT_ID
MEASUREMENT,MEASUREMENT_CONCEPT_ID,plausibleUnitConceptIds,5,"8748,8842",3013603,Prostate specific Ag [Mass/volume] in Serum or Plasma,,,Approved UNIT_CONCEPT_IDs for the given MEASUREMENT_CONCEPT_ID
MEASUREMENT,MEASUREMENT_CONCEPT_ID,plausibleUnitConceptIds,5,"8523,8554,8596,-1",3020509,Albumin/Globulin [Mass Ratio] in Serum or Plasma,,,Approved UNIT_CONCEPT_IDs for the given MEASUREMENT_CONCEPT_ID
MEASUREMENT,MEASUREMENT_CONCEPT_ID,plausibleUnitConceptIds,5,"8582,9327,9330,9546",3036277,Body height,,,Approved UNIT_CONCEPT_IDs for the given MEASUREMENT_CONCEPT_ID
MEASUREMENT,MEASUREMENT_CONCEPT_ID,plausibleUnitConceptIds,5,"8483,8541,8581",4301868,Pulse rate,,,Approved UNIT_CONCEPT_IDs for the given MEASUREMENT_CONCEPT_ID
MEASUREMENT,MEASUREMENT_CONCEPT_ID,plausibleUnitConceptIds,5,8554,40762636,Body mass index (BMI) [Percentile],,,Approved UNIT_CONCEPT_IDs for the given MEASUREMENT_CONCEPT_ID
MEASUREMENT,MEASUREMENT_CONCEPT_ID,plausibleUnitConceptIds,5,"8842,8845",40765040,25-Hydroxyvitamin D3+25-Hydroxyvitamin D2 [Mass/volume] in Serum or Plasma,,,Approved UNIT_CONCEPT_IDs for the given MEASUREMENT_CONCEPT_ID
MEASUREMENT,MEASUREMENT_CONCEPT_ID,plausibleUnitConceptIds,5,8583,3024386,Platelet mean volume [Entitic volume] in Blood by Rees-Ecker,,,Approved UNIT_CONCEPT_IDs for the given MEASUREMENT_CONCEPT_ID
MEASUREMENT,MEASUREMENT_CONCEPT_ID,plausibleUnitConceptIds,5,"44777578,8719,9040,9093,8860",3009201,Thyrotropin [Units/volume] in Serum or Plasma,,,Approved UNIT_CONCEPT_IDs for the given MEASUREMENT_CONCEPT_ID
MEASUREMENT,MEASUREMENT_CONCEPT_ID,plausibleUnitConceptIds,5,8583,3024731,MCV [Entitic volume],,,Approved UNIT_CONCEPT_IDs for the given MEASUREMENT_CONCEPT_ID
MEASUREMENT,MEASUREMENT_CONCEPT_ID,plausibleUnitConceptIds,5,"8554,-1",3050479,Immature granulocytes/100 leukocytes in Blood,,,Approved UNIT_CONCEPT_IDs for the given MEASUREMENT_CONCEPT_ID
MEASUREMENT,MEASUREMENT_CONCEPT_ID,plausibleUnitConceptIds,5,"8636,8753,8840",4012479,Low density lipoprotein cholesterol measurement,,,Approved UNIT_CONCEPT_IDs for the given MEASUREMENT_CONCEPT_ID
MEASUREMENT,MEASUREMENT_CONCEPT_ID,plausibleUnitConceptIds,5,8876,4152194,Systolic blood pressure,,,Approved UNIT_CONCEPT_IDs for the given MEASUREMENT_CONCEPT_ID
MEASUREMENT,MEASUREMENT_CONCEPT_ID,plausibleUnitConceptIds,5,"44777604,8523,8554,-1",37393840,Haematocrit,,,Approved UNIT_CONCEPT_IDs for the given MEASUREMENT_CONCEPT_ID
MEASUREMENT,MEASUREMENT_CONCEPT_ID,plausibleUnitConceptIds,5,8845,3000593,Cobalamin (Vitamin B12) [Mass/volume] in Serum or Plasma,,,Approved UNIT_CONCEPT_IDs for the given MEASUREMENT_CONCEPT_ID
MEASUREMENT,MEASUREMENT_CONCEPT_ID,plausibleUnitConceptIds,5,8583,3002888,Erythrocyte distribution width [Entitic volume],,,Approved UNIT_CONCEPT_IDs for the given MEASUREMENT_CONCEPT_ID
MEASUREMENT,MEASUREMENT_CONCEPT_ID,plausibleUnitConceptIds,5,"8647,8785,8815,8931",3010910,Erythrocytes [#/volume] in Body fluid,,,Approved UNIT_CONCEPT_IDs for the given MEASUREMENT_CONCEPT_ID
MEASUREMENT,MEASUREMENT_CONCEPT_ID,plausibleUnitConceptIds,5,8876,3013290,Carbon dioxide [Partial pressure] in Blood,,,Approved UNIT_CONCEPT_IDs for the given MEASUREMENT_CONCEPT_ID
MEASUREMENT,MEASUREMENT_CONCEPT_ID,plausibleUnitConceptIds,5,"8636,8713,8950",3027970,Globulin [Mass/volume] in Serum by calculation,,,Approved UNIT_CONCEPT_IDs for the given MEASUREMENT_CONCEPT_ID
MEASUREMENT,MEASUREMENT_CONCEPT_ID,plausibleUnitConceptIds,5,"8483,8541,8581",4239408,Heart rate,,,Approved UNIT_CONCEPT_IDs for the given MEASUREMENT_CONCEPT_ID
MEASUREMENT,MEASUREMENT_CONCEPT_ID,plausibleUnitConceptIds,5,"44777588,8848,8961,9444,8647",3010813,Leukocytes [#/volume] in Blood,,,Approved UNIT_CONCEPT_IDs for the given MEASUREMENT_CONCEPT_ID
MEASUREMENT,MEASUREMENT_CONCEPT_ID,plausibleUnitConceptIds,5,"8753,9557",3023103,Potassium [Moles/volume] in Serum or Plasma,,,Approved UNIT_CONCEPT_IDs for the given MEASUREMENT_CONCEPT_ID
MEASUREMENT,MEASUREMENT_CONCEPT_ID,plausibleUnitConceptIds,5,"8734,8815,8931,9444,9445",4030871,Red blood cell count,,,Approved UNIT_CONCEPT_IDs for the given MEASUREMENT_CONCEPT_ID
MEASUREMENT,MEASUREMENT_CONCEPT_ID,plausibleUnitConceptIds,5,8876,4154790,Diastolic blood pressure,,,Approved UNIT_CONCEPT_IDs for the given MEASUREMENT_CONCEPT_ID
MEASUREMENT,MEASUREMENT_CONCEPT_ID,plausibleUnitConceptIds,5,8876,4217013,Systolic arterial pressure,,,Approved UNIT_CONCEPT_IDs for the given MEASUREMENT_CONCEPT_ID
MEASUREMENT,MEASUREMENT_CONCEPT_ID,plausibleUnitConceptIds,5,"8554,8596,-1",3001318,Cholesterol.total/Cholesterol in HDL [Percentile],,,Approved UNIT_CONCEPT_IDs for the given MEASUREMENT_CONCEPT_ID
MEASUREMENT,MEASUREMENT_CONCEPT_ID,plausibleUnitConceptIds,5,8876,3004249,Systolic blood pressure,,,Approved UNIT_CONCEPT_IDs for the given MEASUREMENT_CONCEPT_ID
MEASUREMENT,MEASUREMENT_CONCEPT_ID,plausibleUnitConceptIds,5,"8576,8840",3009596,Cholesterol in VLDL [Mass/volume] in Serum or Plasma by calculation,,,Approved UNIT_CONCEPT_IDs for the given MEASUREMENT_CONCEPT_ID
MEASUREMENT,MEASUREMENT_CONCEPT_ID,plausibleUnitConceptIds,5,"8739,9346,9373,9529",3025315,Body weight,,,Approved UNIT_CONCEPT_IDs for the given MEASUREMENT_CONCEPT_ID
MEASUREMENT,MEASUREMENT_CONCEPT_ID,plausibleUnitConceptIds,5,"720870,8795",3053283,"Glomerular filtration rate/1.73 sq M.predicted among blacks [Volume Rate/Area] in Serum, Plasma or Blood by Creatinine-based formula (MDRD)",,,Approved UNIT_CONCEPT_IDs for the given MEASUREMENT_CONCEPT_ID
MEASUREMENT,MEASUREMENT_CONCEPT_ID,plausibleUnitConceptIds,5,"8736,8753,8840",4008265,Total cholesterol measurement,,,Approved UNIT_CONCEPT_IDs for the given MEASUREMENT_CONCEPT_ID
MEASUREMENT,MEASUREMENT_CONCEPT_ID,plausibleUnitConceptIds,5,"720870,8795",36303797,"Glomerular filtration rate/1.73 sq M.predicted among non-blacks [Volume Rate/Area] in Serum, Plasma or Blood by Creatinine-based formula (CKD-EPI)",,,Approved UNIT_CONCEPT_IDs for the given MEASUREMENT_CONCEPT_ID
MEASUREMENT,MEASUREMENT_CONCEPT_ID,plausibleUnitConceptIds,5,"32995,8645,8923",37398460,Serum alkaline phosphatase level,,,Approved UNIT_CONCEPT_IDs for the given MEASUREMENT_CONCEPT_ID
MEASUREMENT,MEASUREMENT_CONCEPT_ID,plausibleUnitConceptIds,5,8840,3013682,Urea nitrogen [Mass/volume] in Serum or Plasma,,,Approved UNIT_CONCEPT_IDs for the given MEASUREMENT_CONCEPT_ID
MEASUREMENT,MEASUREMENT_CONCEPT_ID,plausibleUnitConceptIds,5,"32706,8785,8815,8931",3026361,Erythrocytes [#/volume] in Blood,,,Approved UNIT_CONCEPT_IDs for the given MEASUREMENT_CONCEPT_ID
MEASUREMENT,MEASUREMENT_CONCEPT_ID,plausibleUnitConceptIds,5,"8483,8541,-1",3027018,Heart rate,,,Approved UNIT_CONCEPT_IDs for the given MEASUREMENT_CONCEPT_ID
MEASUREMENT,MEASUREMENT_CONCEPT_ID,plausibleUnitConceptIds,5,8554,4013965,"Oxygen saturation measurement, arterial",,,Approved UNIT_CONCEPT_IDs for the given MEASUREMENT_CONCEPT_ID
MEASUREMENT,MEASUREMENT_CONCEPT_ID,plausibleUnitConceptIds,5,"8784,8816,8848,8961,9436,9444",3013429,Basophils [#/volume] in Blood by Automated count,,,Approved UNIT_CONCEPT_IDs for the given MEASUREMENT_CONCEPT_ID
MEASUREMENT,MEASUREMENT_CONCEPT_ID,plausibleUnitConceptIds,5,8583,3023599,MCV [Entitic volume] by Automated count,,,Approved UNIT_CONCEPT_IDs for the given MEASUREMENT_CONCEPT_ID
MEASUREMENT,MEASUREMENT_CONCEPT_ID,plausibleUnitConceptIds,5,"8525,-1",3036588,Neutrophil cytoplasmic Ab.perinuclear [Presence] in Serum,,,Approved UNIT_CONCEPT_IDs for the given MEASUREMENT_CONCEPT_ID
MEASUREMENT,MEASUREMENT_CONCEPT_ID,plausibleUnitConceptIds,5,"8848,8961,9444",4298431,White blood cell count,,,Approved UNIT_CONCEPT_IDs for the given MEASUREMENT_CONCEPT_ID
MEASUREMENT,MEASUREMENT_CONCEPT_ID,plausibleUnitConceptIds,5,"8848,8961,9444",3017732,Neutrophils [#/volume] in Blood,,,Approved UNIT_CONCEPT_IDs for the given MEASUREMENT_CONCEPT_ID
MEASUREMENT,MEASUREMENT_CONCEPT_ID,plausibleUnitConceptIds,5,"8636,8713",3024561,Albumin [Mass/volume] in Serum or Plasma,,,Approved UNIT_CONCEPT_IDs for the given MEASUREMENT_CONCEPT_ID
MEASUREMENT,MEASUREMENT_CONCEPT_ID,plausibleUnitConceptIds,5,"8713,8840,9579,8923",3034639,Hemoglobin A1c [Mass/volume] in Blood,,,Approved UNIT_CONCEPT_IDs for the given MEASUREMENT_CONCEPT_ID
MEASUREMENT,MEASUREMENT_CONCEPT_ID,plausibleUnitConceptIds,5,"8784,8848,8961,9444",3013650,Neutrophils [#/volume] in Blood by Automated count,,,Approved UNIT_CONCEPT_IDs for the given MEASUREMENT_CONCEPT_ID
MEASUREMENT,MEASUREMENT_CONCEPT_ID,plausibleUnitConceptIds,5,"8636,8713,8950",3021886,Globulin [Mass/volume] in Serum,,,Approved UNIT_CONCEPT_IDs for the given MEASUREMENT_CONCEPT_ID
MEASUREMENT,MEASUREMENT_CONCEPT_ID,plausibleUnitConceptIds,5,"8848,9444",4254663,Lymphocyte count,,,Approved UNIT_CONCEPT_IDs for the given MEASUREMENT_CONCEPT_ID
MEASUREMENT,MEASUREMENT_CONCEPT_ID,plausibleUnitConceptIds,5,8840,3001420,Magnesium [Mass/volume] in Serum or Plasma,,,Approved UNIT_CONCEPT_IDs for the given MEASUREMENT_CONCEPT_ID
MEASUREMENT,MEASUREMENT_CONCEPT_ID,plausibleUnitConceptIds,5,"8848,8961,9444,32706",3007461,Platelets [#/volume] in Blood,,,Approved UNIT_CONCEPT_IDs for the given MEASUREMENT_CONCEPT_ID
MEASUREMENT,MEASUREMENT_CONCEPT_ID,plausibleUnitConceptIds,5,8564,3012030,MCH [Entitic mass] by Automated count,,,Approved UNIT_CONCEPT_IDs for the given MEASUREMENT_CONCEPT_ID
MEASUREMENT,MEASUREMENT_CONCEPT_ID,plausibleUnitConceptIds,5,"720870,8795",40764999,"Glomerular filtration rate/1.73 sq M.predicted [Volume Rate/Area] in Serum, Plasma or Blood by Creatinine-based formula (CKD-EPI)",,,Approved UNIT_CONCEPT_IDs for the given MEASUREMENT_CONCEPT_ID
MEASUREMENT,MEASUREMENT_CONCEPT_ID,plausibleUnitConceptIds,5,8817,3008893,Testosterone [Mass/volume] in Serum or Plasma,,,Approved UNIT_CONCEPT_IDs for the given MEASUREMENT_CONCEPT_ID
MEASUREMENT,MEASUREMENT_CONCEPT_ID,plausibleUnitConceptIds,5,"8840,8749",3016723,Creatinine [Mass/volume] in Serum or Plasma,,,Approved UNIT_CONCEPT_IDs for the given MEASUREMENT_CONCEPT_ID
MEASUREMENT,MEASUREMENT_CONCEPT_ID,plausibleUnitConceptIds,5,"8645,8923",3026910,Gamma glutamyl transferase [Enzymatic activity/volume] in Serum or Plasma,,,Approved UNIT_CONCEPT_IDs for the given MEASUREMENT_CONCEPT_ID
MEASUREMENT,MEASUREMENT_CONCEPT_ID,plausibleUnitConceptIds,5,"8784,8816,8848,8961,9436,9444",3033575,Monocytes [#/volume] in Blood by Automated count,,,Approved UNIT_CONCEPT_IDs for the given MEASUREMENT_CONCEPT_ID
MEASUREMENT,MEASUREMENT_CONCEPT_ID,plausibleUnitConceptIds,5,"8848,8961,9444",3041084,Immature granulocytes [#/volume] in Blood by Automated count,,,Approved UNIT_CONCEPT_IDs for the given MEASUREMENT_CONCEPT_ID
MEASUREMENT,MEASUREMENT_CONCEPT_ID,plausibleUnitConceptIds,5,"8554,8632,8737,9579",4184637,Hemoglobin A1c measurement,,,Approved UNIT_CONCEPT_IDs for the given MEASUREMENT_CONCEPT_ID
MEASUREMENT,MEASUREMENT_CONCEPT_ID,plausibleUnitConceptIds,5,"8483,8541",4313591,Respiratory rate,,,Approved UNIT_CONCEPT_IDs for the given MEASUREMENT_CONCEPT_ID
MEASUREMENT,MEASUREMENT_CONCEPT_ID,plausibleUnitConceptIds,5,8583,37393851,MCV - Mean corpuscular volume,,,Approved UNIT_CONCEPT_IDs for the given MEASUREMENT_CONCEPT_ID
MEASUREMENT,MEASUREMENT_CONCEPT_ID,plausibleUnitConceptIds,5,"720870,8795",1619025,"Glomerular filtration rate/1.73 sq M.predicted [Volume Rate/Area] in Serum, Plasma or Blood by Creatinine-based formula (CKD-EPI 2021)",,,Approved UNIT_CONCEPT_IDs for the given MEASUREMENT_CONCEPT_ID
MEASUREMENT,MEASUREMENT_CONCEPT_ID,plausibleUnitConceptIds,5,8554,3013869,Basophils/100 leukocytes in Blood by Automated count,,,Approved UNIT_CONCEPT_IDs for the given MEASUREMENT_CONCEPT_ID
MEASUREMENT,MEASUREMENT_CONCEPT_ID,plausibleUnitConceptIds,5,"8554,-1",3035472,Albumin/Protein.total in Serum or Plasma,,,Approved UNIT_CONCEPT_IDs for the given MEASUREMENT_CONCEPT_ID
MEASUREMENT,MEASUREMENT_CONCEPT_ID,plausibleUnitConceptIds,5,"8753,9557",3039000,Anion gap in Blood,,,Approved UNIT_CONCEPT_IDs for the given MEASUREMENT_CONCEPT_ID
MEASUREMENT,MEASUREMENT_CONCEPT_ID,plausibleUnitConceptIds,5,"8816,8848,8961,9436,9444",3000905,Leukocytes [#/volume] in Blood by Automated count,,,Approved UNIT_CONCEPT_IDs for the given MEASUREMENT_CONCEPT_ID
MEASUREMENT,MEASUREMENT_CONCEPT_ID,plausibleUnitConceptIds,5,"8753,9557",3015632,"Carbon dioxide, total [Moles/volume] in Serum or Plasma",,,Approved UNIT_CONCEPT_IDs for the given MEASUREMENT_CONCEPT_ID
MEASUREMENT,MEASUREMENT_CONCEPT_ID,plausibleUnitConceptIds,5,"8554,-1",3032710,Calcium.ionized/Calcium.total corrected for albumin in Blood,,,Approved UNIT_CONCEPT_IDs for the given MEASUREMENT_CONCEPT_ID
MEASUREMENT,MEASUREMENT_CONCEPT_ID,plausibleUnitConceptIds,5,"8554,8632,8737",4197971,HbA1c measurement (DCCT aligned),,,Approved UNIT_CONCEPT_IDs for the given MEASUREMENT_CONCEPT_ID
MEASUREMENT,MEASUREMENT_CONCEPT_ID,plausibleUnitConceptIds,5,"8554,-1",42869452,Immature granulocytes/100 leukocytes in Blood by Automated count,,,Approved UNIT_CONCEPT_IDs for the given MEASUREMENT_CONCEPT_ID
MEASUREMENT,MEASUREMENT_CONCEPT_ID,plausibleUnitConceptIds,5,"8523,8596,8606,-1",3002109,Cholesterol in LDL/Cholesterol in HDL [Mass Ratio] in Serum or Plasma,,,Approved UNIT_CONCEPT_IDs for the given MEASUREMENT_CONCEPT_ID
MEASUREMENT,MEASUREMENT_CONCEPT_ID,plausibleUnitConceptIds,5,"8784,8816,8848,8961,9436,9444",3004327,Lymphocytes [#/volume] in Blood by Automated count,,,Approved UNIT_CONCEPT_IDs for the given MEASUREMENT_CONCEPT_ID
MEASUREMENT,MEASUREMENT_CONCEPT_ID,plausibleUnitConceptIds,5,586323,3006322,Oral temperature,,,Approved UNIT_CONCEPT_IDs for the given MEASUREMENT_CONCEPT_ID
MEASUREMENT,MEASUREMENT_CONCEPT_ID,plausibleUnitConceptIds,5,8554,3008342,Neutrophils/100 leukocytes in Blood by Automated count,,,Approved UNIT_CONCEPT_IDs for the given MEASUREMENT_CONCEPT_ID
MEASUREMENT,MEASUREMENT_CONCEPT_ID,plausibleUnitConceptIds,5,"8636,8713",3020630,Protein [Mass/volume] in Serum or Plasma,,,Approved UNIT_CONCEPT_IDs for the given MEASUREMENT_CONCEPT_ID
MEASUREMENT,MEASUREMENT_CONCEPT_ID,plausibleUnitConceptIds,5,"8748,8842",3001122,Ferritin [Mass/volume] in Serum or Plasma,,,Approved UNIT_CONCEPT_IDs for the given MEASUREMENT_CONCEPT_ID
MEASUREMENT,MEASUREMENT_CONCEPT_ID,plausibleUnitConceptIds,5,8554,3009542,Hematocrit [Volume Fraction] of Blood,,,Approved UNIT_CONCEPT_IDs for the given MEASUREMENT_CONCEPT_ID
MEASUREMENT,MEASUREMENT_CONCEPT_ID,plausibleUnitConceptIds,5,"8765,8786",3010189,Epithelial cells [#/area] in Urine sediment by Microscopy high power field,,,Approved UNIT_CONCEPT_IDs for the given MEASUREMENT_CONCEPT_ID
MEASUREMENT,MEASUREMENT_CONCEPT_ID,plausibleUnitConceptIds,5,8554,3010457,Eosinophils/100 leukocytes in Blood by Automated count,,,Approved UNIT_CONCEPT_IDs for the given MEASUREMENT_CONCEPT_ID
MEASUREMENT,MEASUREMENT_CONCEPT_ID,plausibleUnitConceptIds,5,8583,4192368,Platelet mean volume determination,,,Approved UNIT_CONCEPT_IDs for the given MEASUREMENT_CONCEPT_ID
MEASUREMENT,MEASUREMENT_CONCEPT_ID,plausibleUnitConceptIds,5,"8753,9557",3014576,Chloride [Moles/volume] in Serum or Plasma,,,Approved UNIT_CONCEPT_IDs for the given MEASUREMENT_CONCEPT_ID
MEASUREMENT,MEASUREMENT_CONCEPT_ID,plausibleUnitConceptIds,5,"8840,8749",3024128,Bilirubin.total [Mass/volume] in Serum or Plasma,,,Approved UNIT_CONCEPT_IDs for the given MEASUREMENT_CONCEPT_ID
MEASUREMENT,MEASUREMENT_CONCEPT_ID,plausibleUnitConceptIds,5,"8523,8554,8596,-1",3018311,Urea nitrogen/Creatinine [Mass Ratio] in Serum or Plasma,,,Approved UNIT_CONCEPT_IDs for the given MEASUREMENT_CONCEPT_ID
MEASUREMENT,MEASUREMENT_CONCEPT_ID,plausibleUnitConceptIds,5,"586323,9289",3020891,Body temperature,,,Approved UNIT_CONCEPT_IDs for the given MEASUREMENT_CONCEPT_ID
MEASUREMENT,MEASUREMENT_CONCEPT_ID,plausibleUnitConceptIds,5,"8840,8923",3037556,Urate [Mass/volume] in Serum or Plasma,,,Approved UNIT_CONCEPT_IDs for the given MEASUREMENT_CONCEPT_ID
MEASUREMENT,MEASUREMENT_CONCEPT_ID,plausibleUnitConceptIds,5,"44777578,9040",37399332,Serum TSH (thyroid stimulating hormone) level,,,Approved UNIT_CONCEPT_IDs for the given MEASUREMENT_CONCEPT_ID
MEASUREMENT,MEASUREMENT_CONCEPT_ID,plausibleUnitConceptIds,5,8840,3011904,Phosphate [Mass/volume] in Serum or Plasma,,,Approved UNIT_CONCEPT_IDs for the given MEASUREMENT_CONCEPT_ID
MEASUREMENT,MEASUREMENT_CONCEPT_ID,plausibleUnitConceptIds,5,"8554,-1",3019897,Erythrocyte distribution width [Ratio] by Automated count,,,Approved UNIT_CONCEPT_IDs for the given MEASUREMENT_CONCEPT_ID
MEASUREMENT,MEASUREMENT_CONCEPT_ID,plausibleUnitConceptIds,5,8786,3025255,Bacteria [#/area] in Urine sediment by Microscopy high power field,,,Approved UNIT_CONCEPT_IDs for the given MEASUREMENT_CONCEPT_ID
MEASUREMENT,MEASUREMENT_CONCEPT_ID,plausibleUnitConceptIds,5,"8753,8840",4076704,High density lipoprotein measurement,,,Approved UNIT_CONCEPT_IDs for the given MEASUREMENT_CONCEPT_ID
MEASUREMENT,MEASUREMENT_CONCEPT_ID,plausibleUnitConceptIds,5,"8848,8961,9444",4172647,Basophil count,,,Approved UNIT_CONCEPT_IDs for the given MEASUREMENT_CONCEPT_ID
MEASUREMENT,MEASUREMENT_CONCEPT_ID,plausibleUnitConceptIds,5,"32995,8645,8923",37393531,Serum alanine aminotransferase level,,,Approved UNIT_CONCEPT_IDs for the given MEASUREMENT_CONCEPT_ID
MEASUREMENT,MEASUREMENT_CONCEPT_ID,plausibleUnitConceptIds,5,"8554,-1",40771529,Immature granulocytes/100 leukocytes in Body fluid,,,Approved UNIT_CONCEPT_IDs for the given MEASUREMENT_CONCEPT_ID
MEASUREMENT,MEASUREMENT_CONCEPT_ID,plausibleUnitConceptIds,5,"8576,8723,8751,8840,8859,8636",3000034,Microalbumin [Mass/volume] in Urine,,,Approved UNIT_CONCEPT_IDs for the given MEASUREMENT_CONCEPT_ID
MEASUREMENT,MEASUREMENT_CONCEPT_ID,plausibleUnitConceptIds,5,"8786,8889",3035124,Erythrocytes [#/area] in Urine sediment by Microscopy high power field,,,Approved UNIT_CONCEPT_IDs for the given MEASUREMENT_CONCEPT_ID
MEASUREMENT,MEASUREMENT_CONCEPT_ID,plausibleUnitConceptIds,5,"8554,8848",3002030,Lymphocytes/100 leukocytes in Blood,,,Approved UNIT_CONCEPT_IDs for the given MEASUREMENT_CONCEPT_ID
MEASUREMENT,MEASUREMENT_CONCEPT_ID,plausibleUnitConceptIds,5,"44777578,8719,8860,9040,9093,9550",3019170,Thyrotropin [Units/volume] in Serum or Plasma by Detection limit <= 0.005 mIU/L,,,Approved UNIT_CONCEPT_IDs for the given MEASUREMENT_CONCEPT_ID
MEASUREMENT,MEASUREMENT_CONCEPT_ID,plausibleUnitConceptIds,5,8842,3020149,25-hydroxyvitamin D3 [Mass/volume] in Serum or Plasma,,,Approved UNIT_CONCEPT_IDs for the given MEASUREMENT_CONCEPT_ID
MEASUREMENT,MEASUREMENT_CONCEPT_ID,plausibleUnitConceptIds,5,"8647,8784,8785,8848,8961",3022174,Leukocytes [#/volume] in Body fluid,,,Approved UNIT_CONCEPT_IDs for the given MEASUREMENT_CONCEPT_ID
MEASUREMENT,MEASUREMENT_CONCEPT_ID,plausibleUnitConceptIds,5,"8816,8848,8961,9436,9444",3024929,Platelets [#/volume] in Blood by Automated count,,,Approved UNIT_CONCEPT_IDs for the given MEASUREMENT_CONCEPT_ID
MEASUREMENT,MEASUREMENT_CONCEPT_ID,plausibleUnitConceptIds,5,"720870,8795",3049187,"Glomerular filtration rate/1.73 sq M.predicted among non-blacks [Volume Rate/Area] in Serum, Plasma or Blood by Creatinine-based formula (MDRD)",,,Approved UNIT_CONCEPT_IDs for the given MEASUREMENT_CONCEPT_ID
MEASUREMENT,MEASUREMENT_CONCEPT_ID,plausibleUnitConceptIds,5,8848,37398676,Basophil count,,,Approved UNIT_CONCEPT_IDs for the given MEASUREMENT_CONCEPT_ID
MEASUREMENT,MEASUREMENT_CONCEPT_ID,plausibleUnitConceptIds,5,"8523,8596,-1",4112223,BUN/Creatinine ratio,,,Approved UNIT_CONCEPT_IDs for the given MEASUREMENT_CONCEPT_ID
MEASUREMENT,MEASUREMENT_CONCEPT_ID,plausibleUnitConceptIds,5,"8576,8840",3017250,Creatinine [Mass/volume] in Urine,,,Approved UNIT_CONCEPT_IDs for the given MEASUREMENT_CONCEPT_ID
MEASUREMENT,MEASUREMENT_CONCEPT_ID,plausibleUnitConceptIds,5,"8840,8753",4191837,Calculated LDL cholesterol level,,,Approved UNIT_CONCEPT_IDs for the given MEASUREMENT_CONCEPT_ID
MEASUREMENT,MEASUREMENT_CONCEPT_ID,plausibleUnitConceptIds,5,8554,3022096,Basophils/100 leukocytes in Blood,,,Approved UNIT_CONCEPT_IDs for the given MEASUREMENT_CONCEPT_ID
MEASUREMENT,MEASUREMENT_CONCEPT_ID,plausibleUnitConceptIds,5,"8523,8723,8838,9017,9072",3034485,Albumin/Creatinine [Mass Ratio] in Urine,,,Approved UNIT_CONCEPT_IDs for the given MEASUREMENT_CONCEPT_ID
MEASUREMENT,MEASUREMENT_CONCEPT_ID,plausibleUnitConceptIds,5,"720870,8795",44790183,Glomerular filtration rate testing,,,Approved UNIT_CONCEPT_IDs for the given MEASUREMENT_CONCEPT_ID
MEASUREMENT,MEASUREMENT_CONCEPT_ID,plausibleUnitConceptIds,5,"8749,8837",3002400,Iron [Mass/volume] in Serum or Plasma,,,Approved UNIT_CONCEPT_IDs for the given MEASUREMENT_CONCEPT_ID
MEASUREMENT,MEASUREMENT_CONCEPT_ID,plausibleUnitConceptIds,5,"8713,8753",3003338,MCHC [Mass/volume],,,Approved UNIT_CONCEPT_IDs for the given MEASUREMENT_CONCEPT_ID
